first_name,last_name,company_name,address,city,province,postal,phone1,email,web,exam_1,exam_2,exam_3,Dept,transcode
Francoise,Rautenstrauch,"Riebesell, H F Jr",2335 Canton Hwy #6,Windsor,ON,N8N 3N2,519-569-8399,francoise.rautenstrauch@rautenstrauch.com,http://www.riebesellhfjr.com,60,94,79,BIO,Code045
Kendra,Loud,Deloitte & Touche,6 Arch St #9757,Alcida,NB,E8J 2C4,506-363-1526,kloud@gmail.com,http://www.deloittetouche.com,57,50,90,POL,Code091
Lourdes,Bauswell,Oklahoma Neon Inc,9547 Belmont Rd #21,Belleville,ON,K8P 1B3,613-903-7043,lourdes_bauswell@aol.com,http://www.oklahomaneoninc.com,90,95,64,PHY,Code061
Hannah,Edmison,M B A Paint Stores,73 Pittsford Victor Rd,Vancouver,BC,V5Z 3K2,604-334-3686,hannah@yahoo.com,http://www.mbapaintstores.com,96,95,82,POL,Code067
Tom,Loeza,Sheraton Shreveport Hotel,447 Commercial St Se,LIle-Perrot,QC,J7V 4T4,514-487-6096,tom.loeza@gmail.com,http://www.sheratonshreveporthotel.com,84,79,51,POL,Code008
Queenie,Kramarczyk,Goeman Wood Products Inc,47 Garfield Ave,Swift Current,SK,S9H 4V2,306-421-5793,queenie.kramarczyk@kramarczyk.org,http://www.goemanwoodproductsinc.com,50,90,62,BIO,Code098
Hui,Portaro,A Storage Inn Of Gloucester,3 Mill Rd,Baker Brook,NB,E7A 1T3,506-827-7755,hui_portaro@cox.net,http://www.astorageinnofgloucester.com,57,82,59,POL,Code091
Josefa,Opitz,Norman Gale Isuzu,136 W Grand Ave #3,Delhi,ON,N4B 1C4,519-788-7645,josefa.opitz@opitz.org,http://www.normangaleisuzu.com,83,51,57,POL,Code072
Lea,Steinhaus,"James, Christopher Esq",80 Maplewood Dr #34,Bradford,ON,L3Z 2S4,905-618-8258,lsteinhaus@cox.net,http://www.jameschristopheresq.com,79,59,83,PHY,Code053
Paola,Vielma,Congress Title,58 Hancock St,Aurora,ON,L4G 2J7,905-456-1117,paola_vielma@aol.com,http://www.congresstitle.com,59,,55,MATH,Code100
Hortencia,Bresser,Batavia Chamber Of Commerce,808 Calle De Industrias,New Waterford,NS,B1H 1Z4,902-256-6791,hbresser@aol.com,http://www.bataviachamberofcommerce.com,87,93,83,POL,Code085
Leanna,Tijerina,Stephenson Land Surveying,2859 Dorsett Rd,North York,ON,M9L 2T9,416-719-2114,leanna@cox.net,http://www.stephensonlandsurveying.com,64,81,,MATH,Code071
Danilo,Pride,Harry L Adams Incorporated,6857 Wall St,Red Deer,AB,T4R 2H5,403-212-4945,danilo_pride@hotmail.com,http://www.harryladamsincorporated.com,52,75,82,BIO,Code028
Huey,Marcille,Southern Idaho Pipe & Stl Corp,169 Journal Sq,Edmonton,AB,T5P 1G9,780-XXX-3619,huey.marcille@gmail.com,http://www.southernidahopipestlcorp.com,100,87,64,PHY,Code029
Apolonia,Warne,Kitchen People,3 E 31st St #77,Fredericton,NB,E3G 0A3,506-978-1488,apolonia@gmail.com,http://www.kitchenpeople.com,92,100,74,MATH,Code074
Chandra,Lagos,Meredith Realty Group Inc,7 N Dean St,Etobicoke,ON,M8Z 3P6,416-716-6446,chandra.lagos@lagos.org,http://www.meredithrealtygroupinc.com,,91,93,PHY,Code055
Crissy,Pacholec,Cgi Systems Inc,85 S State St,Barrie,ON,L4N 6T7,705-477-2307,crissy@aol.com,http://www.cgisystemsinc.com,56,66,60,MATH,Code076
Gianna,Branin,All Brevard Cert Apprsls Inc,100 Main St,Calgary,AB,T2K 4X5,403-337-7162,gianna@aol.com,http://www.allbrevardcertapprslsinc.com,66,59,52,POL,Code045
Valentin,Billa,General Color Co Inc,6185 Bohn St #72,Pangman,SK,S0C 2C0,306-291-5073,vbilla@yahoo.com,http://www.generalcolorcoinc.com,100,,,POL,Code007
Ilona,Dudash,Adams Balcom & Larose Pc,2 Sutton Pl S #5727,Rouyn-Noranda,QC,J9X 3V4,819-536-7034,idudash@dudash.com,http://www.adamsbalcomlarosepc.com,84,78,98,MATH,Code061
Willard,Lablanc,Mershon Metal Specialties Inc,1534 Sidco Dr,Leduc,AB,T9E 5A6,780-384-5410,wlablanc@yahoo.com,http://www.mershonmetalspecialtiesinc.com,90,93,64,PHY,Code046
Lauryn,Randol,"Judy, Henry L Esq",4207 Leon Rd,North Vancouver,BC,V7L 3X6,604-236-4625,lauryn@yahoo.com,http://www.judyhenrylesq.com,55,68,73,MATH,Code093
Laurena,Begin,"Barry, Anthony S Esq",7564 N Academy Ave,London,ON,N6A 1S5,519-790-8?60,laurena.begin@begin.com,http://www.barryanthonysesq.com,88,84,96,POL,Code054
Elise,Michelle,"Thurman, William T Esq",88 E Saint Elmo Rd,Hamilton,ON,L8R 3J3,905-652-4509,elise@gmail.com,http://www.thurmanwilliamtesq.com,62,66,66,PHY,Code072
Corrie,Kardell,"Lynch, Steven J Esq",75 Westchester Ave,Pierrefonds,QC,H9J 1W6,514-203-7817,corrie_kardell@aol.com,http://www.lynchstevenjesq.com,,57,99,PHY,Code022
Kimberely,Rabuse,"Carey, Paul D Esq",89 W 35th St #1,Windsor,ON,N8S 3R1,519-912-5533,kimberely.rabuse@cox.net,http://www.careypauldesq.com,97,66,68,BIO,Code031
Tish,Violett,Electro Arc Manufacturing Co,1 Norris Ave #4095,Laval,QC,H7W 5K7,450-840-7605,tish.violett@violett.com,http://www.electroarcmanufacturingco.com,83,58,69,BIO,Code061
Hollis,Stanfield,Feehan Plumbing & Heating,5174 Interstate 45 N,Yellowhead County,AB,T7E 3A7,780-574-5620,hollis.stanfield@aol.com,http://www.feehanplumbingheating.com,93,90,53,POL,Code082
Andree,Christmann,Easton Cooperative Bank,765 Rock Island Rd,Strathroy,ON,N7G 3K6,519-872-6826,andree.christmann@cox.net,http://www.eastoncooperativebank.com,69,84,86,BIO,Code041
Lyla,Fucillo,Hambro Forest Products Inc,7979 33  191,North River,NS,B6L 6N1,902-844-1174,lyla_fucillo@cox.net,http://www.hambroforestproductsinc.com,84,61,58,PHY,Code044
Felton,Yafuso,"Penkava, Robert Md",202 Madison Ave,Ottawa,ON,K1Y 1M2,613-749-1169,felton.yafuso@gmail.com,http://www.penkavarobertmd.com,56,76,94,POL,Code068
Dell,Polino,Saint John Neumann Nurse Home,56 Corporate Dr,Becancour,QC,G9H 1H7,819-255-1725,dell_polino@polino.com,http://www.saintjohnneumannnursehome.com,50,71,73,BIO,Code084
Nohemi,Leko,"Bohne, Karl W Jr",37 Us Highway 12e E #6,Sault Ste. Marie,ON,P6C 2C8,705-838-9265,nohemi@aol.com,http://www.bohnekarlwjr.com,87,65,50,MATH,Code049
Tambra,Lembke,"Moore, Albert F Esq",6734 W Jackson Blvd,Salmon Arm,BC,V1E 4G9,250-353-7479,tlembke@lembke.org,http://www.moorealbertfesq.com,80,81,51,BIO,Code004
Vicki,Maikoksoong,George Bigham & Associates,7 Tomahawk Dr,Richmond,BC,V7A 3N1,604-231-6180,vicki@gmail.com,http://www.georgebighamassociates.com,97,96,78,MATH,Code077
Renato,Airhart,Super 8 Motel,1 Vernon Blvd,Calgary,AB,T2A 2H9,403-444-2250,renato_airhart@hotmail.com,http://www.supermotel.com,51,86,81,BIO,Code078
Lenita,Darbro,"Ball, David S",2726 Franklin Hill Rd,Vernon,BC,V1T 7V8,250-749-4517,lenita@yahoo.com,http://www.balldavids.com,97,100,52,PHY,Code009
Barney,Hagen,Fox Vision Center,6335 Fort Myer Dr,Saint-Hyacinthe,QC,J2S 2N3,450-526-5424,barney@yahoo.com,http://www.foxvisioncenter.com,74,97,91,MATH,Code015
Matthew,Armacost,Livingston & Schneider Pc,220 Old Us Highway 441,Peterborough,ON,K9H 6C3,705-417-7221,matthew_armacost@gmail.com,http://www.livingstonschneiderpc.com,84,58,91,BIO,Code078
Belen,Nelton,A Peter Howell Pc,77 Central Pky N,Quesnel,BC,V2J 1N4,250-768-5812,bnelton@gmail.com,http://www.apeterhowellpc.com,77,67,65,PHY,Code081
Iesha,Wardle,Honker Cut Marine,781 Alabama Ave,Etobicoke,ON,M8Z 2C1,416-989-2001,iesha@gmail.com,http://www.honkercutmarine.com,57,85,67,MATH,Code074
Francesco,Sarchet,Gabriel & Associates,22 Dearborn St,Regina,SK,S4T 4B1,306-524-4509,francesco@hotmail.com,http://www.gabrielassociates.com,63,88,50,BIO,Code034
Paulene,Rhule,Beck Corporation,21 E 64th Ave,Matane,QC,G4W 3G6,418-348-2107,paulene_rhule@rhule.org,http://www.beckcorporation.com,54,88,61,POL,Code024
Carole,Hughlett,"Kolodny, Howard Esq",9 N Central Ave,Abbotsford,BC,V2S 5R3,604-262-8556,carole_hughlett@hughlett.com,http://www.kolodnyhowardesq.com,100,53,76,MATH,Code007
Miss,Dunning,Mcgladrey & Pullen,38 Douglas Rd E #39,Regina,SK,S4R 1J5,306-508-8874,mdunning@gmail.com,http://www.mcgladreypullen.com,99,54,80,BIO,Code083
Elfrieda,Hinsch,Y 105 Kgfy,4929 Sidney St #8276,Vernon,BC,V1T 4A3,250-454-9384,elfrieda_hinsch@hinsch.org,http://www.ykgfy.com,86,,64,PHY,Code085
Edelmira,Calzado,Chagrin Wine & Beverage Co,4936 Walcott Rd,Regina,SK,S4R 3M1,306-611-7185,edelmira@hotmail.com,http://www.chagrinwinebeverageco.com,65,65,92,POL,Code086
Jaime,Wasurick,"Lewis, George L Esq",6760 E Fayette St #9,Saint-Damien,QC,J0K 2N1,450-531-8633,jaime_wasurick@hotmail.com,http://www.lewisgeorgelesq.com,94,66,73,POL,Code054
Lera,Hua,York Services Landscpg Divsn,6638 S Webster St #491,Miramichi,NB,E1V 2N4,506-556-4300,lhua@aol.com,http://www.yorkserviceslandscpgdivsn.com,80,81,85,PHY,Code073
Jame,Mastro,Janney Montgomery Scott Inc,4465 James St,Kitchener,ON,N2N 1Y6,519-920-7003,jmastro@aol.com,http://www.janneymontgomeryscottinc.com,69,83,72,MATH,Code048
Jillian,Hailstone,Global Securities Info Inc,8721 Everett Rd,Mississauga,ON,L4Z 2V7,905-864-2257,jhailstone@yahoo.com,http://www.globalsecuritiesinfoinc.com,93,50,99,POL,Code051
Louis,Zarling,Dealers Mfg Co,6 E Kingsbridge Rd,Stoneham-Et-Tewkesbury,QC,G3C 2A8,418-568-3216,louis@zarling.com,http://www.dealersmfgco.com,56,81,95,PHY,Code031
Emmett,Mcshaw,"Yaffa, Michael Esq",920 Union Blvd,Sault Ste. Marie,ON,P6B 5Y2,705-581-1220,emmett_mcshaw@cox.net,http://www.yaffamichaelesq.com,92,65,59,POL,Code008
Tammy,Sams,Photos Inc,5 Secaucus Rd,Nanaimo,BC,V9R 5W6,250-226-1002,tammy_sams@sams.com,http://www.photosinc.com,98,77,96,BIO,Code055
Willis,Wylie,Acquired Knowledge Inc,646 9th St,Saint-Raymond,QC,G3L 3X9,418-833-1949,willis@yahoo.com,http://www.acquiredknowledgeinc.com,,93,71,BIO,Code035
Maxima,Brzozowski,B Js Body Shop,864 Aupuni St,St Catharines,ON,L2T 2V2,905-569-6732,mbrzozowski@aol.com,http://www.bjsbodyshop.com,75,56,68,MATH,Code087
Boris,Latif,Emlou Boutique,9390 Fortin Dr,Quebec,QC,G1M 2H8,418-459-4884,boris.latif@latif.com,http://www.emlouboutique.com,58,88,92,PHY,Code024
Salina,Knavel,Schiller & Osbourn,4 Newark St,Arnprior,ON,K7S 2G8,613-280-7170,salina.knavel@gmail.com,http://www.schillerosbourn.com,52,83,61,POL,Code087
Justa,Dini,Superior Coffee & Foods,8 J St,Vernon,BC,V1T 6J8,250-982-9377,justa.dini@hotmail.com,http://www.superiorcoffeefoods.com,67,91,75,POL,Code042
Amalia,Wolfgang,"Knutson, Becky S Esq",394 Dice Rd #861,Windsor,ON,N8N 3V8,519-219-3608,amalia_wolfgang@wolfgang.org,http://www.knutsonbeckysesq.com,84,76,83,POL,Code052
Felix,Tutterrow,Corinth Dry Cleaners,92 W 39th St #9990,London,ON,N6G 3E5,519-426-7161,ftutterrow@tutterrow.org,http://www.corinthdrycleaners.com,79,77,79,POL,Code049
Eura,Mcglocklin,Graphic Color Litho Inc,9 N Monroe St,Lloydminster,SK,S9V 0C6,306-979-2571,eura@mcglocklin.org,http://www.graphiccolorlithoinc.com,67,68,,BIO,Code053
Lang,Heuring,Hill Realty Property Mgmt,2 Global Rd,Cambridge,ON,N1R 2X2,519-985-7311,lang@cox.net,http://www.hillrealtypropertymgmt.com,50,53,60,PHY,Code098
Agustin,Lakatos,"Thrasher, John E Esq",23 E Wacker Dr #64,Becancour,QC,G9H 4T4,819-365-5394,agustin.lakatos@hotmail.com,http://www.thrasherjohneesq.com,98,64,87,BIO,Code084
Jaime,Lowrance,Sams Liquor & Deli,1 Nw 167th St,Winnipeg,MB,R3J 2Z1,204-438-6204,jaime.lowrance@lowrance.org,http://www.samsliquordeli.com,84,66,63,POL,Code020
Carman,Gudiel,"Weiss, Martin Esq",1 Frontage Rd,St. Johns,NL,A1B 5B3,709-366-8943,carman@gmail.com,http://www.weissmartinesq.com,75,70,77,POL,Code056
Argelia,Hofbauer,Medical Productions,5 Columbia,North Vancouver,BC,V7J 2J9,604-823-2881,argelia.hofbauer@cox.net,http://www.medicalproductions.com,76,57,89,MATH,Code006
Mammie,Cisney,"Arellano, Cecilia S Md",14 E 30th St,Montreal,QC,H1E 1R4,514-205-4258,mammie@cox.net,http://www.arellanoceciliasmd.com,92,76,54,POL,Code013
Rashad,Menino,World Sign Associates,8 Commercial Ave,Carleton Place,ON,K7C 2T3,613-697-2555,rashad.menino@menino.com,http://www.worldsignassociates.com,56,59,55,POL,Code039
Janna,Bastain,"Hastings, Robert R Jr",41 Drive  Hwy 54s S,Vancouver,BC,V6N 3C5,604-575-7837,janna@bastain.com,http://www.hastingsrobertrjr.com,79,68,67,MATH,Code088
Callie,Neikirk,"Shields, Sheridn Cpa",6601 Park Ave #9924,Mississauga,ON,L4T 0A1,905-465-6909,callie.neikirk@neikirk.org,http://www.shieldssheridncpa.com,95,96,74,POL,Code067
Coral,Helmcamp,Hepco Inc,4184 E 142nd St,Toronto,ON,M5V 0B4,416-589-6075,coral.helmcamp@helmcamp.org,http://www.hepcoinc.com,83,93,78,MATH,Code098
Xenia,Mushero,Institute For Law & Jstc Inc,1 El Camino Ave #39,Kingston,ON,K7K 1P6,613-714-1829,xenia@aol.com,http://www.instituteforlawjstcinc.com,85,98,94,MATH,Code041
Adelle,Nitcher,John J Mccarthy Agency Inc,10 Midway Dr,Thorold,ON,L2V 5C7,905-998-3758,anitcher@aol.com,http://www.johnjmccarthyagencyinc.com,80,100,92,MATH,Code043
Hildegarde,Wehrwein,Ocean State Rental Corp,2 Cottman Ave,West Vancouver,BC,V7T 1R7,604-960-7463,hwehrwein@gmail.com,http://www.oceanstaterentalcorp.com,69,95,52,BIO,Code084
Phuong,Sugai,"Scholtes, William E Esq",8926 E 119th St #9,Lavaltrie,QC,J5T 2C7,450-501-4406,psugai@gmail.com,http://www.scholteswilliameesq.com,95,83,92,BIO,Code064
Leontine,Lafoy,"Caffrey, John F Esq",191 Richland St #5,Quebec,QC,G1J 4B2,418-271-8667,llafoy@aol.com,http://www.caffreyjohnfesq.com,64,90,66,MATH,Code067
Darell,Mcalarney,Janney Montgomery Scott Inc,8 E 92nd St,Ajax,ON,L1S 6V3,905-846-7737,darell_mcalarney@mcalarney.com,http://www.janneymontgomeryscottinc.com,65,56,82,PHY,Code045
Madonna,Landman,"Brown, Glenn Esq",283 Andover St,Castlegar,BC,V1N 3P7,250-.07-7698,madonna.landman@landman.com,http://www.brownglennesq.com,93,76,66,POL,Code013
Chuck,Berggren,Weyerhaeuser Paper Co,764 Louisville Plac,St. Johns,NL,A1E 2L8,709-534-6576,chuck@gmail.com,http://www.weyerhaeuserpaperco.com,88,50,54,PHY,Code089
Gregg,Epperheimer,Best Western Sterling House,59 W Jackson Blvd #11,Lasalle,QC,H8R 3T2,514-302-4158,gepperheimer@aol.com,http://www.bestwesternsterlinghouse.com,85,55,69,POL,Code062
Yan,Bubrig,Database Programming & Design,712 N 5th St,Grand Manan,NB,E5G 1L1,506-493-4894,yan@cox.net,http://www.databaseprogrammingdesign.com,64,53,85,POL,Code043
Stephanie,Garlett,Brown Shoe Co,6 L St #1761,Kanata,ON,K2T 1G5,613-557-7338,stephanie.garlett@gmail.com,http://www.brownshoeco.com,52,68,92,PHY,Code086
Alberto,Stenquist,Dowell Associates Inc,6126 E 14th St #6,St Catharines,ON,L2N 6C7,905-435-9456,alberto_stenquist@stenquist.org,http://www.dowellassociatesinc.com,100,59,85,MATH,Code046
Wayne,Shivers,Ram Page,865 Ponce De Leon Blvd,Chicoutimi,QC,G7H 6A2,418-374-1965,wayne@aol.com,http://www.rampage.com,83,76,83,PHY,Code060
Kristal,Bothe,L A Kennedy Inc,896 Pershing Ave,Paradise,NL,A1L 2Y8,709-976-5766,kristal@hotmail.com,http://www.lakennedyinc.com,50,78,95,PHY,Code068
Florencia,Stadel,"Cornwell, Michael C Esq",178 Riverdale Rd,Ingersoll,ON,N5C 2W2,519-961-7871,fstadel@gmail.com,http://www.cornwellmichaelcesq.com,67,71,74,POL,Code086
Darrin,Tumolillo,Metro Press,4 Pedretti Ave #2,Saskatoon,SK,S7H 1X9,306748-5721,darrin@tumolillo.com,http://www.metropress.com,67,60,63,PHY,Code045
Freeman,Rudig,Ramsey Secretarial Service,4 W Sedgley Ave,Otterburn Park,QC,J3H 4V8,450-347-6388,freeman@yahoo.com,http://www.ramseysecretarialservice.com,62,83,71,BIO,Code091
Lazaro,Mollison,United Drilling Inc,31 E Middlefield Rd #8555,Beloeil,QC,J3G 3J4,450-356-6427,lazaro@gmail.com,http://www.uniteddrillinginc.com,85,76,71,POL,Code013
Ellsworth,Rieg,Peyote Bird Designs,7662 Us Highway 46 #9003,Napanee,ON,K7R 1K5,613-862-4724,erieg@hotmail.com,http://www.peyotebirddesigns.com,86,71,81,PHY,Code072
Brinda,Mrkvicka,Gittleman Muhlstock,1 Park Ave,Newbridge,NB,E7N 1J4,506-392-8334,brinda.mrkvicka@gmail.com,http://www.gittlemanmuhlstock.com,77,91,78,POL,Code071
Florinda,Mackedanz,"Hoyt, Robert F Esq",2782 Midland Ave,Dieppe,NB,E1A 8X6,506-230-8075,florinda_mackedanz@mackedanz.org,http://www.hoytrobertfesq.com,90,98,79,MATH,Code010
Nadine,Swartzbeck,Contact Enterprises,3 Federal Blvd,Beloeil,QC,J3G 4M4,450-353-2331,nadine_swartzbeck@swartzbeck.org,http://www.contactenterprises.com,77,85,59,MATH,Code081
Arlette,Torchio,A All In One Construction,485 Rolling Rd,Lasalle,QC,H8R 3C2,514-459-6883,arlette_torchio@hotmail.com,http://www.aallinoneconstruction.com,55,73,74,POL,Code041
Adolph,Krivanec,Sas Rubber Inc,6605 Federal St,Etobicoke,ON,M8Y 3L6,416-736-1436,akrivanec@hotmail.com,http://www.sasrubberinc.com,50,92,88,PHY,Code080
Georgiana,Colbath,Stewart Filmscreen Corp,505 E 9mile Rd,Sainte-Therese,QC,J7E 3C9,450-409-1254,gcolbath@hotmail.com,http://www.stewartfilmscreencorp.com,72,77,76,PHY,Code090
Rana,Lehn,"Freeman, Steven R Esq",32 Rocklyn Ave,Milton,ON,L9T 5W8,905-286-8285,rlehn@yahoo.com,http://www.freemanstevenresq.com,64,99,68,PHY,Code088
Chi,Morgan,"Holmes, Armstead J Esq",2953 5th Ave #27,Saint-Raymond,QC,G3L 3K2,418-922-5578,chi@gmail.com,http://www.holmesarmsteadjesq.com,92,82,71,BIO,Code056
Starr,Prothro,Gs Roofing Company,133 Us Highway 206,Chicoutimi,QC,G7H 4M5,418-811-3750,sprothro@prothro.com,http://www.gsroofingcompany.com,57,82,83,POL,Code076
Glennis,Roseum,York Services Landscpg Divsn,1 Pershing Ave,Brandon,MB,R7A 4C6,204-514-9319,glennis.roseum@gmail.com,http://www.yorkserviceslandscpgdivsn.com,95,64,60,PHY,Code094
Thea,Petermeier,Anderson Heather Zane,402 Santa Isabel Ave,Sept-Iles,QC,G4S 1Z5,418-360-6739,thea@hotmail.com,http://www.andersonheatherzane.com,88,68,86,POL,Code016
Rosalind,Persechino,Grand Prairie Chamber Commrce,86 Shady Run Rd,Kanata,ON,K2M 1E6,613-975-5760,rosalind.persechino@aol.com,http://www.grandprairiechambercommrce.com,97,71,64,BIO,Code055
Shenika,Tapian,Helco Sales Co,4 Collier Rd Nw,Ottawa,ON,K1S 1N5,613-219-1869,shenika.tapian@aol.com,http://www.helcosalesco.com,56,60,57,MATH,Code093
Veta,Vandeberg,"Rickard, Deborah S",940 E Jefferson Ave,Juniper,NB,E7L 1G1,506-996-1241,vvandeberg@gmail?com,http://www.rickarddeborahs.com,97,89,65,POL,Code067
Herschel,Geneseo,Molded Dimensions Inc,7753 W 8th,Toronto,ON,M4V 1Y3,416-786-7887,herschel@geneseo.com,http://www.moldeddimensionsinc.com,95,59,50,POL,Code026
Dianne,Tomasic,"Samios, Gus Esq",53 6  17 M At Bradleys,Dartmouth,NS,B2Y 3L2,902-938-6891,dianne@yahoo.com,http://www.samiosgusesq.com,92,63,95,PHY,Code018
Micah,Gerten,Fairfield Inn,103 Madison Ave,St. Johns,NL,A1E 2J5,709-581-5842,micah@cox.net,http://www.fairfieldinn.com,73,99,68,MATH,Code023
Kaycee,Alaibilla,A & H Sptc Systems & Matl Inc,8788 E 64th Ave,Vancouver,BC,V6R 1N3,604-992-6045,kaycee.alaibilla@yahoo.com,http://www.ahsptcsystemsmatlinc.com,95,79,67,POL,Code095
Tesha,Brang,Butler Tool & Design Inc,831 Vanowen St #5,Montreal,QC,H4K 2N2,514-432-5290,tesha@aol.com,http://www.butlertooldesigninc.com,59,71,59,PHY,Code050
Marya,Chhour,Auchter Industrial Vac Inc,661 Pitkin Ave,Calgary,AB,T3Z 3S8,403-382-4146,marya@cox.net,http://www.auchterindustrialvacinc.com,66,60,85,MATH,Code067
Ronnie,Kettelle,Pure Wtr Inc Wrldwd Corprt,3 Avenue Rt 295 #199,Halifax,NS,B3H 1M2,902-367-7042,ronnie_kettelle@aol.com,http://www.purewtrincwrldwdcorprt.com,78,91,98,BIO,Code097
Mabel,Fower,"Swartz, John L Esq",709 W Waters Ave,Chicoutimi,QC,G7H 3T5,418-339-7473,mabel_fower@fower.com,http://www.swartzjohnlesq.com,69,92,98,BIO,Code023
Harley,Works,Alliance Construction Co Inc,27 Spring St,Woodstock,ON,N4S 2K1,519-913-7772,harley@cox.net,http://www.allianceconstructioncoinc.com,84,65,93,PHY,Code089
Joye,Nedman,Valley Credit Union,9 Court St,Regina,SK,S4N 3J4,306-991-3698,joye@cox.net,http://www.valleycreditunion.com,73,99,98,MATH,Code085
Luisa,Harnish,Level Export Sales Corp,82 Westminster Blvd,Vancouver,BC,V5X 2B5,604-399-1449,lharnish@harnish.com,http://www.levelexportsalescorp.com,67,83,91,POL,Code083
Stacey,Lortz,Electrical Workers Unon Ibew,5039 Coffee Rd,Scarborough,ON,M1K 1H4,416-310-1610,stacey_lortz@aol.com,http://www.electricalworkersunonibew.com,50,64,53,POL,Code041
Reyes,Mesmer,"Richardson, David J Esq",9 E Thayer Ave #3,Hamilton,ON,L8S 2N1,905-402-9203,reyes@mesmer.org,http://www.richardsondavidjesq.com,59,51,88,BIO,Code048
Avery,Demus,Carriage House Cllsn Rpr Inc,1 Highland Ave,Maple Ridge,BC,V4R 1Z3,604-548-4412,avery.demus@aol.com,http://www.carriagehousecllsnrprinc.com,57,100,87,BIO,Code080
Colby,Scotts,Mass Human Services Coalition,7 E 1st St,Barrie,ON,L4N 3M9,705-668-5094,cscotts@aol.com,http://www.masshumanservicescoalition.com,66,95,65,POL,Code009
Afton,Wrinkle,Super 8 Motel,652 5th Ave,Ottawa,ON,K1N 6S5,613-851-7883,awrinkle@wrinkle.org,http://www.supermotel.com,53,96,52,BIO,Code057
India,Sifford,Fashion Shop & Save,162 Sunrise Plz,Toronto,ON,M5N 1J1,416-866-6707,isifford@sifford.org,http://www.fashionshopsave.com,68,58,89,MATH,Code050
Brunilda,Coin,Young Contractors Inc,300 Congers Rd #77,Saint-Paul,NB,E4T 3B9,50.-327-7460,brunilda_coin@aol.com,http://www.youngcontractorsinc.com,81,56,82,PHY,Code056
Jenifer,Emanuel,"Bambrickv, Timothy F Esq",78 152nd Ave #4179,Duncan,BC,V9L 4G2,250-947-2063,jemanuel@emanuel.com,http://www.bambrickvtimothyfesq.com,100,52,54,PHY,Code069
Makeda,Nosis,Lloyds Screenprinting,956 Sierra Ave,Toronto,ON,M5K 1A1,416-827-4082,makeda.nosis@yahoo.com,http://www.lloydsscreenprinting.com,97,90,60,PHY,Code098
Vivan,Oppy,Record Journal,4696 Alewa Dr,Swift Current,SK,S9H 3S9,306-325-3090,voppy@gmail.com,http://www.recordjournal.com,77,87,51,BIO,Code007
Eric,Gazzola,Moriah Fund Inc,732 Congress St,Saint-Georges,QC,G5Z 0N4,418-274-7373,eric@cox.net,http://www.moriahfundinc.com,64,67,74,POL,Code004
Thersa,Davirro,"Herstein, Elliot J",863 E Mcdowell Rd,Kamloops,BC,V2C 6S8,250-540-5275,thersa.davirro@aol.com,http://www.hersteinelliotj.com,51,63,89,PHY,Code024
Mindy,Presnal,"Gavin, William H Esq",82 Us Highway 111,Vancouver,BC,V5X 3K2,604-213-8721,mpresnal@yahoo.com,http://www.gavinwilliamhesq.com,84,76,72,BIO,Code055
Luis,Metzner,Hyman And Lippitt,8868 S Arroyo Pkwy #996,Trois-Rivieres,QC,G8V 2J6,819-860-8913,lmetzner@metzner.org,http://www.hymanandlippitt.com,97,60,97,PHY,Code085
Dawne,Mcloud,Bridger Scientific Inc,25 Keystone Xing,Stoney Creek,ON,L8E 2E4,905-760-9649,dmcloud@cox.net,http://www.bridgerscientificinc.com,72,72,73,MATH,Code089
Karrie,Kinikini,Lohmeyer Corrigan Taylor Pc,491 Main St #893,Kamloops,BC,V2B 7X9,250-384-7658,karrie_kinikini@kinikini.org,http://www.lohmeyercorrigantaylorpc.com,85,65,86,PHY,Code066
Mozelle,Hermon,Comfort Inn Of Lincoln,523 Spencerville Ct,Mount Pisgah,NB,E4G 1E8,506-573-3112,mozelle_hermon@cox.net,http://www.comfortinnoflincoln.com,58,53,68,BIO,Code086
Mila,Hair,Bobby Reed Attorney At Law,515 S Main St,Saint-Leonard,QC,H1P 1M8,514-945-2978,mhair@cox.net,http://www.bobbyreedattorneyatlaw.com,66,53,77,POL,Code033
Gilma,Jefferys,Celestin Design Centre,147 E Centre St,Halifax,NS,B3H 4E1,902p804-8543,gjefferys@aol.com,http://www.celestindesigncentre.com,86,82,60,PHY,Code049
Armanda,Mcduffie,"Voils, Otis V",989 Wyatt Dr #7,Cowansville,QC,J2K 2M6,450-866-7181,armanda.mcduffie@hotmail.com,http://www.voilsotisv.com,66,94,95,BIO,Code033
Vonda,Normandeau,Crisell Cohee & Co,9891 Main St,Mirabel,QC,J7J 1G7,450-706-3809,vonda@yahoo.com,http://www.crisellcoheeco.com,51,58,98,POL,Code086
Truman,Mondale,"Metz, Roger E Esq",1657 N Green St,Peterborough,ON,K9J 0A1,705-757-7389,truman.mondale@aol.com,http://www.metzrogereesq.com,87,57,100,BIO,Code019
Elvis,Tenuta,Beloit Boxboard Co,6437 Date Palm Dr,Calgary,AB,T2B 0X5,403-415-1285,elvis_tenuta@tenuta.org,http://www.beloitboxboardco.com,68,88,76,MATH,Code026
Loise,Dedaj,Magnotta Construction Co Inc,1062 Rd,Saskatoon,SK,S7K 5J3,306-964-9291,loise@aol.com,http://www.magnottaconstructioncoinc.com,58,96,77,POL,Code085
Jannette,Pedder,"Reif, W Michael Esq",73 Madison Ave,Vancouver,BC,V6L 2V9,604-953-5335,jpedder@pedder.com,http://www.reifwmichaelesq.com,59,77,94,PHY,Code006
Margo,Rand,Muscle Bound Bindery,344 Lyndon St,Concord,ON,L4K 1J7,905-781-3868,margo@rand.org,http://www.muscleboundbindery.com,91,86,81,POL,Code069
Dahlia,Benett,Doco School Empl Fed Crdt Un,3986 Home Life,Alma,QC,G8B 1K7,418-344-9993,dahlia_benett@aol.com,http://www.docoschoolemplfedcrdtun.com,74,60,68,MATH,Code054
Dominga,Mckeon,Scott & Murphy Inc,68 Dd N #1,Trois-Rivieres,QC,G8T 7G3,819-627-1581,dominga_mckeon@yahoo.com,http://www.scottmurphyinc.com,59,82,66,PHY,Code083
Hollis,Keomuangtai,Amsterdam News,27 7th St,Keswick,ON,L4P 1V3,905-928-5294,hollis.keomuangtai@cox.net,http://www.amsterdamnews.com,68,63,54,PHY,Code002
Carry,Ziller,Hatboro Delivery Service,8 Maynesboro St,Strathroy,ON,N7G 3H9,519-847-8783,carry@cox.net,http://www.hatborodeliveryservice.com,98,59,69,MATH,Code068
Bong,Fears,Cabot Safety Corp Aorx Center,7 State St #1,Pierrefonds,QC,H9H 3C8,514-308-1992,bfears@fears.org,http://www.cabotsafetycorpaorxcenter.com,80,92,62,BIO,Code047
Yolande,Staiano,Williams Jamal Ltd,21 N 14th St,Orleans,ON,K1C 3C7,613-700-7712,yolande_staiano@gmail.com,http://www.williamsjamalltd.com,79,72,68,PHY,Code067
Lottie,Hegdahl,Management Protection Services,45 W 21st St,Unionville,ON,L3R 2H1,905-638-1034,lottie_hegdahl@aol.com,http://www.managementprotectionservices.com,62,74,66,BIO,Code037
Jose,Kylish,Nicks Printing,93 Law Dr,Pierrefonds,QC,H9J 1W6,514-211-3774,jose.kylish@aol.com,http://www.nicksprinting.com,72,84,55,POL,Code059
Tuyet,Abramovitz,"Gibbard, H Frank Iii",976 Cozycroft Ave,Richmond Hill,ON,L4E 4P3,905-790-7938,tuyet.abramovitz@abramovitz.com,http://www.gibbardhfrankiii.com,68,91,74,POL,Code040
Pearline,Provenzano,Information Marketing Svc Inc,611 S 2nd St,Concord,ON,L4K 1V4,905-734-9102,pearline.provenzano@provenzano.org,http://www.informationmarketingsvcinc.com,84,58,100,MATH,Code099
Robt,Hankison,Joseph Notarianni & Co,3780 Ronson Rd,Quebec,QC,G1L 4H3,418-874-8104,robt_hankison@cox.net,http://www.josephnotariannico.com,100,73,99,PHY,Code074
Shawnee,Kesten,N Amercn Min & Quar Equip Inc,5 W Irving Park Rd,Big Ridge,NS,B1K 1X8,902-208-1038,shawnee@yahoo.com,http://www.namercnminquarequipinc.com,95,61,61,PHY,Code018
Lacresha,Quinones,John Drew Theater Of Gld Hall,48 Bernardo Cent,Vaudreuil-Dorion,QC,J7V 5V8,450-213-1080,lacresha@hotmail.com,http://www.johndrewtheaterofgldhall.com,99,55,67,PHY,Code100
Basilia,Vinroe,Ariz Association Of Life Und,45 S Wells Ave,Quebec,QC,G1H 1A6,418-386-6120,basilia.vinroe@gmail.com,http://www.arizassociationoflifeund.com,62,78,67,BIO,Code054
Aleisha,Areizaga,Hi Port Distribtg Inc,960 Deming Way,Quebec,QC,G1C 5G2,418-408-1640,aareizaga@hotmail.com,http://www.hiportdistribtginc.com,79,70,99,POL,Code100
Frank,Tryninewski,Interlink Marketing Inc,462 2nd St,Prince Albert,SK,S6V 6E5,306-653-1772,ftryninewski@gmail.com,http://www.interlinkmarketinginc.com,93,79,58,PHY,Code041
Ria,Steinhorst,D H Auto Equip Inc,269 Commercial Dr,Jonquiere,QC,G7S 2S3,418-319-1374,ria.steinhorst@steinhorst.com,http://www.dhautoequipinc.com,78,52,67,BIO,Code071
Carla,Kallenberger,Mcginness & Shaw,8 Commercial Blvd #9,Hanover,ON,N4N 1Z7,519-646-7797,carla@aol.com,http://www.mcginnessshaw.com,67,62,58,PHY,Code096
Lashanda,Skahan,Monogram Co,739 Stockton Ave,Gray Rapids,NB,E9B 1G6,506-497-2698,lashanda.skahan@aol.com,http://www.monogramco.com,85,87,78,BIO,Code016
Jarod,Catalina,Industrial Precision Corp,60 Sunrise Ave,North Bay,ON,P1B 2L4,705-369-2146,jcatalina@aol.com,http://www.industrialprecisioncorp.com,69,83,89,MATH,Code022
Leoma,Rabago,"Curtis, Martin L Dds",575 Washington St,Nanaimo,BC,V9R 6W5,250-810-7815,leoma.rabago@hotmail.com,http://www.curtismartinldds.com,87,65,61,MATH,Code036
Yasuko,Greeves,Plant,4634 Anania Dr,Vernon,BC,V1B 3Z4,250-891-6910,ygreeves@cox.net,http://www.plant.com,,59,63,POL,Code085
Jimmie,Snelling,Tri Lakes Chamber Of Commerce,24 Sw Bridgeport Rd,Oakville,ON,L6J 7H9,905-772-1416,jimmie.snelling@gmail.com,http://www.trilakeschamberofcommerce.com,58,88,54,PHY,Code015
Titus,Dugre,American Lung Assoc,419 N Dixboro Rd #8,Gatineau,QC,J9J 0V4,819-983-1846,titus.dugre@dugre.org,http://www.americanlungassoc.com,95,63,,PHY,Code090
Joanne,Teoh,"Rever, Irwin S Esq",1 W Sierra Madre Blvd #9985,St Catharines,ON,L2M 1R4,905-219-6895,joanne@yahoo.com,http://www.reverirwinsesq.com,62,55,64,POL,Code021
Suzi,Groom,"Comisky, James L",9 W Jackson Blvd,Surrey,BC,V3S 7P4,604-700-2946,suzi.groom@groom.org,http://www.comiskyjamesl.com,78,59,80,MATH,Code026
Denny,Amazan,Pony Express National Memorial,4974 Rockburn Hill Rd #3,Surrey,BC,V4A 8M9,604-239-4105,denny@amazan.com,http://www.ponyexpressnationalmemorial.com,65,84,54,MATH,Code059
Willie,Coughlan,Brooktronics Engineering Corp,8545 S Westshore Blvd,Cantley,QC,J8V 3K1,819-869-6389,willie@aol.com,http://www.brooktronicsengineeringcorp.com,73,,94,BIO,Code007
Margurite,Brake,"Moyer, David W Esq",258 S Ash Ave,Amherstburg,ON,N9V 1S8,519-476-5983,margurite.brake@yahoo.com,http://www.moyerdavidwesq.com,54,89,60,PHY,Code040
Arlen,Romack,"Whitehurst, William O Jr",1 W Green Bay St,Saint John,NB,E2K 3R6,506-218-3036,arlen.romack@yahoo.com,http://www.whitehurstwilliamojr.com,83,80,79,MATH,Code048
Shaniqua,Corna,"Durley, Colly J Esq",8 Sylvan Ave,North York,ON,M3H 5X6,416-573-9093,shaniqua@yahoo.com,http://www.durleycollyjesq.com,63,77,82,PHY,Code035
William,Boccard,Dubosar & Davidson Pa,9 Clove Rd,Pointe-aux-Trembles,QC,H1B 4R4,514-606-4631,william@gmail.com,http://www.dubosardavidsonpa.com,62,71,81,POL,Code018
Silva,Riviere,Nimco Corp,10 Canal St,Pierrefonds,QC,H8Y 2A9,514-319-4125,silva.riviere@riviere.org,http://www.nimcocorp.com,67,95,75,POL,Code001
Gearldine,Haberle,Robert Glen Distributing Co,62 N 3rd St,Calgary,AB,T2J 0S5,403-810-3712,gearldine_haberle@hotmail.com,http://www.robertglendistributingco.com,93,99,57,MATH,Code012
Azalee,Aja,Interior Alternative,2607 Market St,Chateauguay,QC,J6J 3J8,450-515-9694,azalee.aja@cox.net,http://www.interioralternative.com,62,80,82,PHY,Code094
Kimbery,Plikerd,"Bain, James W Esq",62 15th Ave #63,Duncan,BC,V9L 2E9,250-504-9388,kimbery.plikerd@cox.net,http://www.bainjameswesq.com,92,61,58,POL,Code057
Ricarda,Kratt,"Hersh, Peter S Md",1 Clairemont Mesa Blvd,New Glasgow,NS,B2H 3Y5,902-614-2197,rkratt@yahoo.com,http://www.hershpetersmd.com,74,68,51,PHY,Code007
Macy,Massay,C H Fenstermaker & Assocs Inc,6 N Water St,Dauphin,MB,R7N 2C7,204-656-8450,macy@hotmail.com,http://www.chfenstermakerassocsinc.com,63,55,64,PHY,Code054
Carol,Normington,Westwood Specialties,1 S Kresson St,Alma,QC,G8E 1G2,418-540-2207,carol@gmail.com,http://www.westwoodspecialties.com,79,87,95,BIO,Code053
Blythe,Czaplinski,Ebw Inc Enterprise Brass Works,4 S 4th St,Calgary,AB,T2V 2M5,403-775-4053,blythe_czaplinski@czaplinski.com,http://www.ebwincenterprisebrassworks.com,51,60,50,MATH,Code003
Tanesha,Tesseneer,Alex Fries & Bros Inc,326 Witherspoon St,Etobicoke,ON,M9R 2W5,416-568-3388,tanesha_tesseneer@hotmail.com,http://www.alexfriesbrosinc.com,81,71,97,POL,Code027
Yaeko,Orndoff,Holcombe Armature Co,66 Hoffman St,St Thomas,ON,N5P 2E5,519-625-4433,yaeko_orndoff@orndoff.org,http://www.holcombearmatureco.com,50,100,66,BIO,Code085
Broderick,Lorenz,"Frascella, Thomas P Esq",185 Davis St,Saskatoon,SK,S7N 3M6,306-285-1574,broderick_lorenz@hotmail.com,http://www.frascellathomaspesq.com,51,62,93,PHY,Code022
Twila,Shadle,"Marks, Seymour Esq",20 Simpson Ferry Rd,Victoria,BC,V8Y 1H4,250-862-6746,tshadle@shadle.com,http://www.marksseymouresq.com,97,72,75,PHY,Code062
Sarina,Pead,Burgess Manning Inc,7821 16th St Nw,Ajax,ON,L1S 1S7,905-696-6221,spead@cox.net,http://www.burgessmanninginc.com,71,60,53,PHY,Code051
Candra,Peets,Gator Supply & Equipment Inc,9 Pulaski Park Dr #7,North Bay,ON,P1B 2V6,705-799-1235,candra@hotmail.com,http://www.gatorsupplyequipmentinc.com,54,78,76,PHY,Code044
Von,Aprigliano,"Heller, Tom A Esq",63 Baronne St,Port Moody,BC,V3H 1E8,604-986-3233,von@aol.com,http://www.hellertomaesq.com,70,98,90,BIO,Code097
Natalya,Verso,Rose Cooper & English,74 Chestnut St,Kitchener,ON,N2A 1S3,519-736-9305,natalya_verso@yahoo.com,http://www.rosecooperenglish.com,58,95,94,MATH,Code034
Stanton,Rigazio,Maxons Restorations Inc,4 Smith St #5,North York,ON,M3M 2A4,416-801-7398,srigazio@rigazio.org,http://www.maxonsrestorationsinc.com,52,96,71,POL,Code078
Dona,Larner,Birmingham Historical Society,4298 E Drinker St,York,ON,M6M 1V5,416-884-9104,dona@hotmail.com,http://www.birminghamhistoricalsociety.com,89,60,57,MATH,Code015
Cortney,Choice,"Schulman, Richard J Esq",80 S 33rd Pl,Greenfield Park,QC,J4V 3G8,450-339-6016,cortney.choice@choice.com,http://www.schulmanrichardjesq.com,75,73,93,MATH,Code018
Ira,Betterton,Andersen Consulting,935 S Padre Island Dr,Halifax,NS,B3K 3E4,902-240-7029,ira.betterton@yahoo.com,http://www.andersenconsulting.com,51,55,61,MATH,Code049
Vanna,Pickle,Phipps & Bird,3 B Main #117,Newmarket,ON,L3Y 3M4,905-309-4565,vanna_pickle@aol.com,http://www.phippsbird.com,98,95,75,POL,Code046
Bo,Sabota,Land Engineering & Surv Co Inc,779 Moore St,Winnipeg,MB,R3R 2Z5,204-210-4967,bo_sabota@sabota.com,http://www.landengineeringsurvcoinc.com,92,88,57,POL,Code054
Nathalie,Corners,Boldt Carlisle & Smith Cpa,14 Van Buren St,Peterborough,ON,K9H 4B6,705-736-4801,nathalie_corners@corners.org,http://www.boldtcarlislesmithcpa.com,64,88,81,BIO,Code030
Rodney,Lockamy,"Schultz, Barry J Esq",7 N Us Highway 67 #96,Ottawa,ON,K1S 2E4,613-273-5773,rodney_lockamy@aol.com,http://www.schultzbarryjesq.com,96,65,59,POL,Code095
Elena,Hairr,"Reed, Crystal Md",31 Mechanic St #9839,Stephenville,NL,A2N 2N4,709-399-4807,ehairr@hotmail.com,http://www.reedcrystalmd.com,71,84,58,MATH,Code030
Blossom,Kraatz,Vic Firth Inc,881 Route 38,North York,ON,M4A 2A6,416-631-1863,blossom_kraatz@kraatz.org,http://www.vicfirthinc.com,70,72,83,PHY,Code058
Loreen,Griepentrog,A J Cohen Distributor Inc,6 Monard Dr,Orleans,ON,K1C 2E5,613-684-4467,loreen_griepentrog^aol.com,http://www.ajcohendistributorinc.com,67,62,57,PHY,Code094
Tayna,Keirnan,"Hartz, J Ernest Esq",18 Cowesett Ave,Barrie,ON,L4N 5C5,705-655-5936,tayna_keirnan@gmail.com,http://www.hartzjernestesq.com,99,72,68,POL,Code027
Nieves,Planty,"Swanson, Dennis V Esq",684 Albion Rd,Peterborough,ON,K9H 3K7,705-616-5386,nplanty@gmail.com,http://www.swansondennisvesq.com,78,78,69,BIO,Code091
Glenn,Robinault,"Leikin, James",8700 S Jefferson Rd #676,Lachine,QC,H8S 3A8,514-330-5479,glenn.robinault@cox.net,http://www.leikinjames.com,90,77,55,BIO,Code060
Julianna,Racer,Cycle Motion Inc,4407 Chestnut Ridge Dr,Saint John,NB,E2K 5L7,506-752-6097,jracer@cox.net,http://www.cyclemotioninc.com,68,57,75,MATH,Code072
Ashton,Nitchals,"Tirone, Anthony R Esq",13 Midway Pl,Oakville,ON,L6H 5G1,905-725-6769,ashton@cox.net,http://www.tironeanthonyresq.com,80,82,83,PHY,Code041
Shaun,Scovil,Stowe Away Lodge,253 Hamilton Ave #1684,Pickering,ON,L1W 2P9,905-907-6615,shaun_scovil@aol.com,http://www.stoweawaylodge.com,66,52,67,POL,Code076
Long,Shintaku,Georgetown Agency,8 W 41st Ave,Blainville,QC,J7C 2R9,450-771-5010,long.shintaku@shintaku.org,http://www.georgetownagency.com,80,63,80,PHY,Code045
Vinnie,Meir,Halbar Enterprises Whol Clthng,559 Bridge Plz,Etobicoke,ON,M8Y 1G5,416-862-7028,vmeir@meir.com,http://www.halbarenterpriseswholclthng.com,86,65,50,PHY,Code016
Lucia,Flipp,Days Inn,196 Touhy Ave,Scarborough,ON,M1E 3L6,416-870-8070,lucia@aol.com,http://www.daysinn.com,72,99,97,BIO,Code033
Corazon,Ivaska,Ansonia Records Inc,6 W Lincoln Ave,Saskatoon,SK,S7K 3K7,306-333-8933,corazon@ivaska.org,http://www.ansoniarecordsinc.com,77,67,50,POL,Code089
Jaime,Perugini,Bei Motion Systems Co Inc,7071 E 7th St #56,Verdun,QC,H4G 1X4,514-950-4495,jaime_perugini@perugini.com,http://www.beimotionsystemscoinc.com,55,81,73,BIO,Code037
Miriam,Stakes,Sign Magic,784 Packerland Dr,Burlington,ON,L7L 5E8,905-441-5009,miriam.stakes@yahoo.com,http://www.signmagic.com,72,82,57,BIO,Code083
Vallie,Nigl,Can Lines Inc,7823 N 36th Ave,North Vancouver,BC,V7H 2J2,604-848-3170,vallie@yahoo.com,http://www.canlinesinc.com,91,92,57,BIO,Code055
Sheldon,Isachsen,"Young, Charles R Esq",35 Milnor St,Valley,NS,B6L 3K5,902-330-7314,sheldon@isachsen.org,http://www.youngcharlesresq.com,68,57,58,POL,Code073
Nickie,Balonek,Mcinerney Communications,7 Saint Nicholas Ave,North Vancouver,BC,V7J 3P8,604-556-1080,nickie.balonek@balonek.com,http://www.mcinerneycommunications.com,53,59,75,PHY,Code005
Fletcher,Caneles,Hy Cite Corp,87 Spencerville Ct #2,Hamilton,ON,L8S 3V2,905-992-1637,fcaneles@caneles.com,http://www.hycitecorp.com,99,75,61,BIO,Code019
Rutha,Eisert,Quality Litho Printing,87 W 32nd St,Niagara Falls,ON,L2G 3H6,905-468-2503,rutha@eisert.com,http://www.qualitylithoprinting.com,61,55,90,PHY,Code009
Brandon,Geigel,Royal Title Service Inc,70 W Main St,Vancouver,BC,V5Z 3S8,604-940-9313,bgeigel@gmail.com,http://www.royaltitleserviceinc.com,93,65,84,POL,Code008
Franchesca,Lamme,Euorpean Pretzel Bakery,3208 W Touhy Ave,Charlottetown,PE,C1E 1W8,902-715-9684,franchesca_lamme@yahoo.com,http://www.euorpeanpretzelbakery.com,52,81,65,PHY,Code055
Lorriane,Naddeo,American Space Planners Inc,7 Airway Cir,Duncan,BC,V9L 2T9,250-544-1482,lorriane.naddeo@naddeo.org,http://www.americanspaceplannersinc.com,97,65,63,BIO,Code007
Asuncion,Berson,"Link, Andrew P",54 Whitaker Way,Reinfeld,MB,R6W 1K7,204-318-1929,aberson@aol.com,http://www.linkandrewp.com,52,62,77,POL,Code050
Georgiann,Hoerter,"Orava, Stephen J Esq",4945 Progress Dr,Grand-Mere,QC,G9T 3C3,819-632-2869,georgiann_hoerter@hoerter.com,http://www.oravastephenjesq.com,62,51,88,MATH,Code068
Hershel,Bultron,Kings Trophies & Engraving Co,658 W 30th St,London,ON,N5Z 1R6,519-844-4835,hershel_bultron@bultron.org,http://www.kingstrophiesengravingco.com,75,97,81,MATH,Code026
Chu,Collopy,Chiropractic Care Center,8 E 9mile Rd #697,Trois-Rivieres,QC,G8V 2J6,819-677-1206,chu@aol.com,http://www.chiropracticcarecenter.com,73,60,94,PHY,Code035
Bettina,Vosmus,Willamette Valley Walnuts Inc,7 Ryan Industrial Ct,Vancouver,BC,V6H 3Y2,604-752-9256,bettina@hotmail.com,http://www.willamettevalleywalnutsinc.com,91,100,66,PHY,Code063
Lynsey,Sport,"Ross, Donald J Esq",7 Mccrea St,Chilliwack,BC,V2P 6L6,604-525-6939,lynsey.sport@aol.com,http://www.rossdonaldjesq.com,60,57,52,BIO,Code004
Phil,Kuechler,Sequins International Inc,7 Mcwhorter Rd,Jonquiere,QC,G7X 2X4,418-940-4070,phil_kuechler@gmail.com,http://www.sequinsinternationalinc.com,82,67,50,MATH,Code062
Cordelia,Nicks,Pacific Valley Appraisal Svc,572 Simpson St,Georgetown,ON,L7G 2T4,905-975-4308,cnicks@nicks.org,http://www.pacificvalleyappraisalsvc.com,80,97,78,BIO,Code041
Georgeanna,Marrano,Allied Fine Furniture,3493 Camino Ruiz,Hamilton,ON,L8N 2V6,905-366-7378,gmarrano@gmail.com,http://www.alliedfinefurniture.com,94,74,60,PHY,Code014
Rosendo,Lanter,Howe & Hutton Ltd,2052 E Semoran Blvd,Regina,SK,S4N 5R4,306-700-6743,rosendo@hotmail.com,http://www.howehuttonltd.com,92,100,53,MATH,Code028
Jerilyn,Norcia,Jaqua & Wheatley Pc,9 Main St,Hanover,ON,N4N 2P6,519-978-7661,jerilyn@hotmail.com,http://www.jaquawheatleypc.com,87,77,71,PHY,Code048
Elfriede,Bakeley,Krei 800 Radio Station,538 Fayetteville Street Mall,Grand-Sault/Grand Falls,NB,E3Z 2K5,506-404-8558,ebakeley@bakeley.com,http://www.kreiradiostation.com,69,99,77,POL,Code004
Harris,Sheck,New Lans Corporation,9875 Sheafe Rd,Montreal,QC,H2H 1Z2,514-257-9319,harris@cox.net,http://www.newlanscorporation.com,83,70,77,MATH,Code070
Leonor,Beilinson,Lochaven Fed Svngs & Ln Assn,269 Distribution Way,Orleans,ON,K1C 1Z6,613-338-5158,leonor.beilinson@hotmail.com,http://www.lochavenfedsvngslnassn.com,59,81,76,POL,Code012
Terrilyn,Waska,"Corallino, Robert L Cpa",6 E Miraloma Ave,Gatineau,QC,J8M 2A5,819-670-6020,terrilyn_waska@hotmail.com,http://www.corallinorobertlcpa.com,98,79,56,POL,Code023
Maddie,Foulds,Sinclair Machine Products Inc,56 N Wood Ave #25,Montreal,QC,H2M 1W9,514-874-9519,maddie@hotmail.com,http://www.sinclairmachineproductsinc.com,67,79,93,PHY,Code093
Melynda,Anstead,Leader,3 Lee Dr #8435,Longueuil,QC,J4J 3E9,450-470-3593,melynda@hotmail.com,http://www.leader.com,63,92,65,BIO,Code053
Odette,Thigpen,Beauregard Federal Savings Bnk,1831 Everett Rd,Corner Brook,NL,A2H 2K1,709-744-4165,othigpen@thigpen.com,http://www.beauregardfederalsavingsbnk.com,84,68,98,MATH,Code100
Steffanie,Meinen,"Rosenblum, Donn D Esq",801 W Belmont Ave,Montreal,QC,H3C 5G9,514-964-9106,steffanie.meinen@cox.net,http://www.rosenblumdonndesq.com,80,77,93,PHY,Code045
Antonette,Stimac,"Kasprenski, Michael D Esq",61 N Westshore Blvd,Kitchener,ON,N2A 1S3,519-670-5269,antonette_stimac@stimac.org,http://www.kasprenskimichaeldesq.com,63,66,74,MATH,Code017
Thora,Daneker,Engravers,6 Old York Rd,Gatineau,QC,J8P 3A1,819-648-4049,tdaneker@daneker.com,http://www.engravers.com,87,96,99,PHY,Code036
Nada,Massanet,"Shastri, S R Md",80 Sw End Blvd,Surrey,BC,V3R 4L7,604-570-1494,nmassanet@yahoo.com,http://www.shastrisrmd.com,60,98,79,BIO,Code096
Ivette,Dills,South Texas Prod Splty Inc,7585 Calle De Industrias,Reserve Mines,NS,B1E 1G6,902-244-5318,idills@cox.net,http://www.southtexasprodspltyinc.com,93,80,59,POL,Code033
Devon,Delacerda,Kcon Inc,250 University Ave #9,Comox,BC,V9M 1T4,250-525-4631,devon@hotmail.com,http://www.kconinc.com,86,72,68,PHY,Code006
Lon,Tibbles,May W L Co Inc,78 Eastway Dr,Mississauga,ON,L5E 1B7,905-233-1845,lon.tibbles@cox.net,http://www.maywlcoinc.com,61,95,61,BIO,Code019
Tennie,Santanna,M A C Insurance Agency,196 Waterman Ave #1,Trois-Rivieres,QC,G8T 6A2,819-261-5496,tennie@aol.com,http://www.macinsuranceagency.com,61,90,61,POL,Code032
Fidelia,Vilven,Gto Lithographers Inc,9 Meridian St,Scarborough,ON,M1G 1V4,416-892-4321,fvilven@vilven.org,http://www.gtolithographersinc.com,78,85,64,POL,Code013
Michal,Gunyan,Physician Manager,9514 Mount Vernon Ave,Quebec,QC,G2B 4L7,418-399-6819,michal_gunyan@gunyan.com,http://www.physicianmanager.com,59,55,64,POL,Code001
Enola,Yandow,Branan Photography,7 Sw 5th Ave,Dartmouth,NS,B2W 6G3,902-539-1621,eyandow@cox.net,http://www.brananphotography.com,100,94,68,BIO,Code081
Meghann,Mamudoski,Hampton Inn South,7675 N Solano Dr,Hebbville,NS,B4V 7A2,902-348-8759,meghann@cox.net,http://www.hamptoninnsouth.com,60,67,85,MATH,Code049
Latanya,Mattia,Swissotel Boston,8229 S Washington Ave,Portage la Prairie,MB,R1N 3T4,204-649-9481,lmattia@yahoo.com,http://www.swissotelboston.com,59,75,73,POL,Code037
Chandra,Firlik,Preston Trucking Co Inc,686 S Dupont Hwy,Oshawa,ON,L1J 8H1,905-451-3719,chandra@gmail.com,http://www.prestontruckingcoinc.com,53,58,90,MATH,Code016
Barney,Dewer,"Anthony, Richard A Esq",88 Norris Ave #2,Bedford,NS,B4A 3V5,902-287-1148,bdewer@gmail.com,http://www.anthonyrichardaesq.com,69,95,100,POL,Code054
Ocie,Chreene,"Ellner, Harold J Md",72 W Hampden Ave,Orleans,ON,K1E 2C8,613-756-9548,ocie.chreene@aol.com,http://www.ellnerharoldjmd.com,90,76,88,PHY,Code021
Precious,Dubray,Martin Research Inc,846 Middletown Blvd #427,Orillia,ON,L3V 4N5,705-607-6992,precious.dubray@dubray.com,http://www.martinresearchinc.com,70,78,99,BIO,Code033
Sanda,Laramie,Trafalgar Corp,5181 N Alma School Rd,Dawson Creek,BC,V1G 1Y2,250-700-8923,slaramie@laramie.org,http://www.trafalgarcorp.com,54,61,60,PHY,Code056
Gaynell,Benavente,Life Guard Apparel,71 W Indian School Rd,Thunder Bay,ON,P7E 2H1,807-284-2501,gaynell@hotmail.com,http://www.lifeguardapparel.com,73,63,65,POL,Code063
Bethanie,Cutsforth,Four Star Label Co Inc,5 Victory Ave,Cambridge,ON,N1S 2S8,519-328-4250,bethanie_cutsforth@cutsforth.org,http://www.fourstarlabelcoinc.com,59,99,97,BIO,Code072
Yvette,Capiga,"Stier, Brian E Esq",33 Broadway St #8539,Big Valley,AB,T0J 0G0,403-919-6456,yvette.capiga@yahoo.com,http://www.stierbrianeesq.com,82,51,79,POL,Code084
Alana,Blackmon,Invest Financial Corp,96 Hook Rd,Scarborough,ON,M1B 2S5,416-386-8947,ablackmon@gmail.com,http://www.investfinancialcorp.com,52,52,94,MATH,Code069
Lakeesha,Beachel,"Olivera, Keith R Esq",1 Sw 72nd Ave,Chilliwack,BC,V2P 4W3,604-352-7502,lakeesha_beachel@aol.com,http://www.oliverakeithresq.com,75,86,64,PHY,Code010
Ailene,Friedman,Spector Thread Co,479 Commerce Park,Enterprise,NB,E7G 1M2,506-907-7068,ailene@yahoo.com,http://www.spectorthreadco.com,51,52,58,POL,Code085
Valene,Madson,H J Heinz Fld Ofc & Distrb Ctr,42 Main St,Alma,QC,G8B 7M5,418-646-3844,valene@madson.org,http://www.hjheinzfldofcdistrbctr.com,55,88,83,POL,Code020
Floyd,Bub,Southeastern Services Inc,4701 N Cocoa Blvd,Toronto,ON,M4V 2Z2,416-557-9767,fbub@bub.com,http://www.southeasternservicesinc.com,50,89,88,BIO,Code011
Josue,Hatherly,United States Chrome Corp Ca,755 135th St,Etobicoke,ON,M9W 1M9,416-337-2239,jhatherly@hatherly.org,http://www.unitedstateschromecorpca.com,88,92,85,POL,Code057
Johnathon,Wadden,De Osu Inc,4714 S Main St,Peterborough,ON,K9J 3N7,705-646-2781,johnathon_wadden@hotmail.com,http://www.deosuinc.com,68,78,53,POL,Code037
Kenneth,Drizin,Packaging Corp Of America,2 Scott Blvd,Amos,QC,J9T 1S3,819-999-6396,kdrizin@aol.com,http://www.packagingcorpofamerica.com,57,83,60,MATH,Code046
Leila,Titzer,D W Rogers Co,9 Constitution Ave,Calgary,AB,T2X 2M9,403-733-8035,leila_titzer@aol.com,http://www.dwrogersco.com,95,71,66,BIO,Code063
Marquetta,Quinlisk,Herregan Distributors Inc,2965 Lake Lizzie Dr,Mont-Royal,QC,H3R 1G3,514-950-3156,marquetta_quinlisk@aol.com,http://www.herregandistributorsinc.com,56,87,55,MATH,Code002
Annamae,Beliles,"Halberstadt, Bradley J Esq",8939 Merrill Field Dr,Burnaby,BC,V5G 4J9,604-877-2244,abeliles@gmail.com,http://www.halberstadtbradleyjesq.com,100,84,77,PHY,Code022
An,Dosal,Cpa Affiliates Inc,8 Leoole St #3,Drummondville,QC,J2B 3J9,819-324-8832,adosal@hotmail.com,http://www.cpaaffiliatesinc.com,100,75,60,POL,Code085
Karina,Cortesi,Video Monitoring Services,901 Broughton Ave #7,Saint-Bruno,QC,J3V 5S1,450-252-9611,karina_cortesi@hotmail.com,http://www.videomonitoringservices.com,61,53,76,BIO,Code081
Otis,Luong,Kinkos Copies,263 L St #1255,Simcoe,ON,N3Y 2P6,519-739-4515,oluong@gmail.com,http://www.kinkoscopies.com,96,78,66,BIO,Code029
Brendan,Kasperek,"Aebig, Sheena R Esq",84 L St #98,Coquitlam,BC,V3E 2W1,604-947-9315,brendan_kasperek@yahoo.com,http://www.aebigsheenaresq.com,66,93,64,PHY,Code044
Keith,Evartt,"Hamlet, Fred T Esq",973 El Camino Real,Derby Junction,NB,E1V 5B4,506-229-5393,kevartt@evartt.com,http://www.hamletfredtesq.com,80,61,88,BIO,Code086
Paulina,Arand,Americon Gazelle Factory Outlt,5652 Wisconsin Ave,Winnipeg,MB,R2J 2V1,204-636-8766,paulina_arand@cox.net,http://www.americongazellefactoryoutlt.com,66,64,55,MATH,Code004
Cherelle,Welschmeyer,Woodrow Taylor Homes Nv Ltd,2 Ramona Ave #6,Guelph,ON,N1E 5N9,519-322-9933,cherelle@hotmail.com,http://www.woodrowtaylorhomesnvltd.com,75,55,58,MATH,Code095
Percy,Neelon,Spiker Communications Inc,901 Highway 74,Rimouski,QC,G5L 1N6,418-537-1430,percy_neelon@cox.net,http://www.spikercommunicationsinc.com,99,54,98,POL,Code039
Margot,Storrs,"Wilson, Thomas M Iii",237 S French Ave,Woodbridge,ON,L4H 2L8,905-309-5010,mstorrs@cox.net,http://www.wilsonthomasmiii.com,86,100,96,PHY,Code017
Paris,Bellis,Woodstown Natl Bnk & Trst Co,89 Parade St,Woodstock,ON,N4S 3K1,519-909-5933,paris@gmail.com,http://www.woodstownnatlbnktrstco.com,83,77,66,MATH,Code060
Sina,Masiejczyk,Misioneros Del Camino,3067 W Wabansia Ave,Etobicoke,ON,M9C 5B4,416-369-7013,smasiejczyk@cox.net,http://www.misionerosdelcamino.com,84,86,60,PHY,Code076
Kimi,Selfe,M & M Assoc Inc,2 W Kellogg Dr #5,Jonquiere,QC,G8A 1H7,418-795-3880,kimi@cox.net,http://www.mmassocinc.com,85,73,96,MATH,Code098
Chun,Richrdson,"Hoyt, Robert F Esq",3 Aiea Heights #660,Regina,SK,S4T 3L1,306-245-2534,chun_richrdson@richrdson.org,http://www.hoytrobertfesq.com,85,52,84,POL,Code065
Lelia,Thiemann,"Kleeman, Dena A Esq",440 Town Center Dr,Kamloops,BC,V2B 7W6,250-671-3851,lelia.thiemann@yahoo.com,http://www.kleemandenaaesq.com,86,97,55,MATH,Code021
Cordell,Zinda,"Kaye, Jeffrey A Esq",91 Argyle Rd,Sherbrooke,QC,J1H 6E3,819-508-6057,cordell_zinda@cox.net,http://www.kayejeffreyaesq.com,68,59,83,BIO,Code035
Dorothy,Aitken,"Mcmillon, Wendy A Esq",4 Hanover Pike,Mississauga,ON,L5V 1E5,905-554-3838,dorothy.aitken@cox.net,http://www.mcmillonwendyaesq.com,59,99,63,POL,Code097
Chauncey,Mcelreath,Buchman Enterprises Inc,615 Main St #3722,Vanier,ON,K1L 7E2,613-908-7090,chauncey.mcelreath@yahoo.com,http://www.buchmanenterprisesinc.com,97,62,79,PHY,Code076
Tenesha,Stropko,"Guroff, Julia H Esq",648 Waihona St #1152,Cardigan,NB,E6B 1L7,506-629-6209,tenesha.stropko@aol.com,http://www.guroffjuliahesq.com,98,65,86,MATH,Code079
Anjelica,Lovero,Dayton Appliance Parts Co,689 S Steele St #1887,Amherst,NS,B4H 1K5,902-386-1443,anjelica@lovero.org,http://www.daytonappliancepartsco.com,92,81,99,BIO,Code095
Olga,Adessa,"Weiss, Arnold M Cpa",8507 Upland St,Burlington,ON,L7P 4T1,905-775-6413,oadessa@cox.net,http://www.weissarnoldmcpa.com,84,100,57,POL,Code025
Monte,Tindal,Amercn Inst For Conserve Hist,577 Page Ave,Laval,QC,H7M 5P7,450-637-6499,monte@cox.net,http://www.amercninstforconservehist.com,99,99,90,PHY,Code068
Pamela,Mccoskey,Thriftlodge,6 West St #2,Terrebonne,QC,J6W 4W3,450-282-1236,pamela.mccoskey@gmail.com,http://www.thriftlodge.com,82,69,88,MATH,Code024
Toshia,Lippoldt,U Stor,7 Duluth St,Stoneham-Et-Tewkesbury,QC,G3C 0S2,418-759-7863,toshia_lippoldt@aol.com,http://www.ustor.com,67,69,73,PHY,Code025
Polly,Sandusky,Passumpsic Savings Bank,39 Logan Ave #9518,Hamilton,ON,L9A 4H9,905-705-6018,polly.sandusky@cox.net,http://www.passumpsicsavingsbank.com,83,57,64,MATH,Code012
Judy,Boerboom,Crissey Fowler Lumber Co,384 N Main St,Paradise,NL,A1L 0H4,709-560-7848,jboerboom@boerboom.com,http://www.crisseyfowlerlumberco.com,68,56,90,BIO,Code060
Celestine,Pritt,James Heistand Inc,79 E 92nd St,Ottawa,ON,K1G 3B6,613-875-3120,celestine_pritt@cox.net,http://www.jamesheistandinc.com,68,50,73,POL,Code025
Murray,Fode,"Hughes, Richard D Esq",59 W Century Rd,Pointe-Claire,QC,H9R 5N9,514-921-5562,mfode@yahoo.com,http://www.hughesricharddesq.com,70,73,63,MATH,Code056
Shoshana,Courter,Harry Jersig Center,8763 N Front St,Windsor,ON,N8Y 4T9,519-396-2906,shoshana@courter.org,http://www.harryjersigcenter.com,94,66,65,MATH,Code083
Glendora,Pezley,John L Scott Real Estate,2 80e E #7867,Edmonton,AB,T5Y 3J7,780-508-2609,glendora.pezley@cox.net,http://www.johnlscottrealestate.com,97,77,54,MATH,Code090
Carlene,Kana,Oregon Cherry Growers Inc,541 N 88th Ave,Brantford,ON,N3T 2H4,519-930-5055,ckana@kana.com,http://www.oregoncherrygrowersinc.com,69,57,58,BIO,Code031
Adria,Gilliam,Brokers Marketplace,60 15th Ave,Hamilton,ON,L8N 2V6,905-563-9396,adria_gilliam@cox.net,http://www.brokersmarketplace.com,54,62,83,PHY,Code072
Paola,Perkins,M K Goulding And Associates,3951 Seaway Dr,Grande Prairie,AB,T8V 4G4,50l-573-8903,paola.perkins@aol.com,http://www.mkgouldingandassociates.com,67,51,66,MATH,Code057
Elina,Maury,Hobson Printing Co,2097 N Stonestreet Ave,North York,ON,M6M 3B1,416-582-4379,elina.maury@hotmail.com,http://www.hobsonprintingco.com,85,70,62,POL,Code012
Emile,Dorio,"Olson, Waldine H Esq",264 Jefferson Hwy #83,Saint-Bruno,QC,J3V 4R8,450-529-3773,edorio@cox.net,http://www.olsonwaldinehesq.com,60,89,82,BIO,Code046
Zoila,Lannigan,Fox Chase Federal Savings Bank,40 N Dean St,York,ON,M6N 3Z2,416-322-9207,zlannigan@aol.com,http://www.foxchasefederalsavingsbank.com,57,97,59,MATH,Code092
Yong,Yestramski,Kraft Foodservice Inc,365 Zebra Pl,Brantford,ON,N3R 3C6,519-344-3979,yong_yestramski@aol.com,http://www.kraftfoodserviceinc.com,72,97,91,MATH,Code038
Leontine,Stalma,Comprehensive Environ Svc Inc,859 Franquette Ave,Simcoe,ON,N3Y 5H1,519-641-7145,lstalma@stalma.org,http://www.comprehensiveenvironsvcinc.com,63,54,99,BIO,Code044
Troy,Dicus,Quick Turn Circuits Inc,58 Calle Arroyo,Trenton,ON,K8V 3Z2,613-938-7999,troy_dicus@yahoo.com,http://www.quickturncircuitsinc.com,66,87,82,POL,Code065
Annamaria,Vanhuss,"Call, Dell R",8348 1st Ave W,Dundas,ON,L9H 2C3,905-495-3301,annamaria.vanhuss@cox.net,http://www.calldellr.com,89,57,100,MATH,Code094
Dorothea,Lowther,"Herline, Georgia",2763 Fort Campbell Blvd #7554,Sudbury,ON,P3E 2W9,705-793-4986,dorothea_lowther@yahoo.com,http://www.herlinegeorgia.com,71,55,58,PHY,Code079
Marion,Letran,"Snyder, Daniel Esq",5670 Leonis Blvd,Gatineau,QC,J8Y 5Z4,819-966-7240,marion_letran@cox.net,http://www.snyderdanielesq.com,61,75,52,PHY,Code043
Avery,Masso,Far Western Trophy & Awards,6 Central Ave #664,Amherst,NS,B4H 1N1,902-588-8947,avery.masso@hotmail.com,http://www.farwesterntrophyawards.com,91,73,67,PHY,Code011
Trinidad,Bredernitz,Tmr The Music Room,75 N Washington Ave,Lasalle,QC,H8N 1S9,514-561-2312,trinidad@yahoo.com,http://www.tmrthemusicroom.com,54,58,50,POL,Code059
Herminia,Penso,Jurgemeyer Frey & Haufe,880 W South Water Market,Fort McMurray,AB,T9H 3A8,780-740-5294,hpenso@cox.net,http://www.jurgemeyerfreyhaufe.com,97,98,94,POL,Code074
Val,Bigaud,Mpsi Systems Inc,42 N 16th St #620,Montreal,QC,H2C 3A1,514-726-2573,val_bigaud@aol.com,http://www.mpsisystemsinc.com,63,62,59,POL,Code048
Renay,Oviedo,"Wanek, Jerrold Esq",873 E Cumberland St,North York,ON,M6B 3Y3,416-336-6767,renay.oviedo@oviedo.com,http://www.wanekjerroldesq.com,73,58,61,BIO,Code001
Buck,Kotow,Black Drill Co Inc,863 Mcgilchrist St Se,Thunder Bay,ON,P7E 2H1,807-668-2676,buck_kotow@aol.com,http://www.blackdrillcoinc.com,62,83,53,MATH,Code054
Toi,Rollison,Armored Transport Of Ca Inc,2 S Church St,Terrebonne,QC,J6W 1M9,450-714-2875,toi_rollison@rollison.com,http://www.armoredtransportofcainc.com,51,54,55,POL,Code047
Shanice,Pennel,Firm Security Systems Inc,31 N Canal St,Kingston,ON,K7L 2Y7,613-850-3405,shanice.pennel@pennel.org,http://www.firmsecuritysystemsinc.com,58,62,81,BIO,Code069
Oliva,Ramerez,Summit Dynamics,8688 Manning Blvd #547,Calgary,AB,T2C 1W4,403-690-1059,oramerez@yahoo.com,http://www.summitdynamics.com,71,57,60,POL,Code092
Tamera,Crocker,Cooper & Kelley,652 Pacific Hwy,Edmonton,AB,T5C 3M1,780-833-7024,tcrocker@cox.net,http://www.cooperkelley.com,52,67,65,MATH,Code015
Melvin,Rather,Milt Charno & Assoc Inc,8794 34th Ave,Drummondville,QC,J2B 3S8,819-418-3496,melvin.rather@aol.com,http://www.miltcharnoassocinc.com,90,83,80,POL,Code083
Essie,Fitzke,Artistic Gifts Inc,9 3rd St,Welshpool,NB,E5E 1G8,506-785-2719,essie_fitzke@fitzke.org,http://www.artisticgiftsinc.com,65,83,100,BIO,Code019
Shay,Knieper,"Raby, Paul Ed",571 Maiden Ln #7,Brossard,QC,J4X 1J9,450-806-3050,shay.knieper@gmail.com,http://www.rabypauled.com,,60,88,MATH,Code042
Ruby,Sensibaugh,Qualex Inc,637 Wright Rd,Coquitlam,BC,V3K 2P4,604-553-2468,ruby@sensibaugh.com,http://www.qualexinc.com,97,90,57,PHY,Code053
Caren,Doscher,Personal Christianity Chapel,1770 Mission Ave,Calgary,AB,T3H 2S3,403-344-3614,cdoscher@doscher.org,http://www.personalchristianitychapel.com,77,56,51,PHY,Code024
Frank,Amend,Preferred Service Group Inc,2583 Lincoln Blvd,Cambridge,ON,N1S 1A7,519-823-9369,frank@yahoo.com,http://www.preferredservicegroupinc.com,90,90,89,PHY,Code004
Lasandra,Frisinger,Jmr Marketing & Graphics Corp,1 Highway 71 S,Abbotsford,BC,V2S 2G5,604-210-7413,lfrisinger@cox.net,http://www.jmrmarketinggraphicscorp.com,54,70,,PHY,Code007
Sommer,Frere,Bliss & Nyitray Inc,1309 Pitney Rd,Saint-Hubert,QC,J3Y 4R3,450-777-9643,sfrere@yahoo.com,http://www.blissnyitrayinc.com,91,50,88,BIO,Code039
Gretchen,Mckeon,Nendels Inn/renton,809 W Bayshore Rd,Trail,BC,V1R 4Y2,250-617-7197,gretchen.mckeon@gmail.com,http://www.nendelsinnrenton.com,92,58,86,BIO,Code058
Providencia,Marien,"Pond, William S Md",83 Magnavox Way,Ottawa,ON,K2C 2V1,613-256-5226,providencia.marien@marien.com,http://www.pondwilliamsmd.com,77,68,64,POL,Code074
Lindsey,Arnoldi,Western States Petroleum Inc,87 Via Contenta,West Kelowna,BC,V1Z 2J2,250-387-4636,larnoldi@arnoldi.com,http://www.westernstatespetroleuminc.com,,52,52,MATH,Code079
Romana,Riesgraf,Sparta Engrg & Land Co Inc,986 Whitaker Way,Moncton,NB,E1A 6P3,506-310-3728,romana_riesgraf@hotmail.com,http://www.spartaengrglandcoinc.com,69,64,67,POL,Code062
Nobuko,Logwood,Ads Inc,612 York St,Sarnia,ON,N7V 3X4,519-739-4745,nobuko.logwood@cox.net,http://www.adsinc.com,82,63,74,MATH,Code024
Shawnna,Arredondo,Ef International Lang Schls,4 N Brand Blvd,Orleans,ON,K4A 0V9,613-996-1062,sarredondo@arredondo.com,http://www.efinternationallangschls.com,82,52,53,BIO,Code022
Doyle,Hathcox,Women For Meaningful Summits,48 Market St,Prince George,BC,V2M 1K4,250-227-4140,doyle.hathcox@aol.com,http://www.womenformeaningfulsummits.com,100,94,57,PHY,Code055
Jacinta,Deppen,"Orourke, Denis M Esq",1458 W Henry St,Nelson,BC,V1L 1A7,250-203-5054,jdeppen@cox.net,http://www.orourkedenismesq.com,78,50,62,MATH,Code081
Tawanna,Kuamoo,"Walker, L Mark Esq",380 Main St,Matane,QC,G4W 3G6,418-734-9693,tawanna_kuamoo@gmail.com,http://www.walkerlmarkesq.com,87,80,90,MATH,Code062
Christa,Cloutier,Abc Financial Systems,743 Wolfert Ave,Calgary,AB,T2L 2G4,403-461-2407,ccloutier@hotmail.com,http://www.abcfinancialsystems.com,95,97,66,BIO,Code061
Noe,Kotz,"Bryant, Julian A Jr",3878 Little John Way,Salt Spring Island,BC,V8K 2T5,250-901-1245,nkotz@kotz.org,http://www.bryantjulianajr.com,76,65,86,MATH,Code080
Ellen,Fajen,"Kowall, Carol Esq",32 Marguerite Pky,Edmonton,AB,T6A 0L9,780-720-7927,ellen.fajen@aol.com,http://www.kowallcarolesq.com,54,97,68,POL,Code089
Tequila,Pelletier,Feldman Co Inc,6173 Landmeier Rd,Richmond Hill,ON,L4C 9T5,905-692-6934,tequila_pelletier@cox.net,http://www.feldmancoinc.com,91,72,79,PHY,Code049
Tawny,Bonventre,Bell Mirror & Glass Inc,5 Middletown Blvd,Richmond,BC,V6Y 1L9,604-632-4346,tbonventre@aol.com,http://www.bellmirrorglassinc.com,73,53,58,PHY,Code086
Rosalyn,Mcspedon,Elton Iron Co Inc,449 Oakwood Ave,Kingston,ON,K7K 3L3,613-362-7798,rosalyn.mcspedon@mcspedon.org,http://www.eltonironcoinc.com,76,76,95,PHY,Code055
Noble,Miyata,Auto Trim Design,7059 E Kilbourn Ave #252,Tillsonburg,ON,N4G 4Y4,519-346-6651,noble_miyata@gmail.com,http://www.autotrimdesign.com,,,53,BIO,Code095
Lucille,Hubbell,E Z Tel Dirctry Brkrs & Banks,8 General Dr,Nanaimo,BC,V9R 4Z4,250-904-7361,lhubbell@yahoo.com,http://www.ezteldirctrybrkrsbanks.com,96,95,72,MATH,Code011
Azzie,Tuazon,Ruby Mfg & Sales,5518 Whippany Rd,Oakville,ON,L6L 6V2,905-208-4039,azzie.tuazon@hotmail.com,http://www.rubymfgsales.com,76,50,100,POL,Code069
Darci,Arau,Broadside Press,2 Hill Rd,Trois-Rivieres,QC,G8Z 3J2,819-294-4679,darci@cox.net,http://www.broadsidepress.com,55,79,91,POL,Code075
King,Suman,Meek & Associates Real Estate,79 Lexington Ave #83,Chicoutimi,QC,G7J 4W9,418-470-4541,king@cox.net,http://www.meekassociatesrealestate.com,86,73,69,MATH,Code077
Denny,Zeanah,Associated Brokers Inc,339 W 1st St,Montreal,QC,H2Z 1P5,514-224-2722,denny_zeanah@zeanah.com,http://www.associatedbrokersinc.com,56,72,81,BIO,Code071
Anissa,Frayer,Vend Alaska,7635 Run Subdivision,Surrey,BC,V3X 2L5,604-925-4225,afrayer@frayer.com,http://www.vendalaska.com,79,74,97,PHY,Code092
Rosann,Heinricher,Ramapo Memorial Co,91 Nw 52nd Ave,Mirabel,QC,J7N 2E1,450-474-6397,rosann_heinricher@heinricher.com,http://www.ramapomemorialco.com,55,67,73,POL,Code049
Jeannine,Rippy,"Huetter, Glen A Jr",7767 W Central Ave #2,Truro,NS,B2N 6J6,902-811-1450,jeannine_rippy@rippy.com,http://www.huetterglenajr.com,73,74,58,MATH,Code048
Lashaun,Casteneda,Gerald A Coniglio Md/facs,894 Feather River Blvd,Edmonton,AB,T6L 4W9,780-751-5370,lashaun.casteneda@casteneda.com,http://www.geraldaconigliomdfacs.com,77,99,71,BIO,Code021
Miesha,Walen,Nabisco Inc,2 Executive Blvd,Espanola,ON,P5E 1C1,705-646-4992,miesha@aol.com,http://www.nabiscoinc.com,74,97,63,POL,Code008
Marva,Kountz,"Rabin, Daniel S Esq",1 N Main St #16,Etobicoke,ON,M9A 0A5,416-494-3939,marva@gmail.com,http://www.rabindanielsesq.com,55,70,91,BIO,Code068
Dion,Lamastus,National Compugraphix Inc,44 S Highland Dr,Albanel,QC,G8M 3P2,418-212-6756,dion_lamastus@lamastus.com,http://www.nationalcompugraphixinc.com,86,61,65,POL,Code001
Hassie,Sarkin,"Eisen, Lisa",958 Airline Dr,Valley,NS,B6L 2X2,902-210-1513,hassie_sarkin@aol.com,http://www.eisenlisa.com,99,87,58,POL,Code059
Jin,Perry,Arens Publications & Printing,18 Cameron St,Etobicoke,ON,M9C 2W4,416-463-6411,jin_perry@gmail.com,http://www.arenspublicationsprinting.com,64,76,100,POL,Code017
Demetra,Peth,"Irvine, Stephanie B Esq",79 E Jackson St,Sherbrooke,QC,J1K 1C5,819-858-7901,demetra_peth@aol.com,http://www.irvinestephaniebesq.com,54,84,53,BIO,Code040
Irene,Benauides,"Bilicic, Kimberly A Esq",45 19th St,Lyttleton,NB,E9E 1Y1,506-251-3150,irene.benauides@gmail.com,http://www.bilicickimberlyaesq.com,93,67,58,PHY,Code095
Colton,Pesqueira,Willow Foods Inc,305 Industrial Blvd,Oakville,ON,L6H 6M8,905-796-8265,cpesqueira@hotmail.com,http://www.willowfoodsinc.com,96,65,58,PHY,Code002
William,Cilento,"Boland, William T Jr",1434 Ash St,Trochu,AB,T0M 2C0,403-251-6126,william.cilento@gmail.com,http://www.bolandwilliamtjr.com,79,77,50,PHY,Code065
Shannan,Cupit,Golden West Machine Inc,6 S San Marcos Rd,North York,ON,M2N 2B8,416-266-5891,shannan@cox.net,http://www.goldenwestmachineinc.com,55,73,87,MATH,Code001
Shelba,Kast,Mccarn Enterprises Inc,56 Washington Rd,Halifax,NS,B3K 2C1,902-654-7334,shelba.kast@yahoo.com,http://www.mccarnenterprisesinc.com,84,73,68,BIO,Code053
Dorcas,Diebold,Tradition Music Co,8899 E Slauson Ave,Mississauga,ON,L5M 4A7,905-860-8703,dorcas_diebold@diebold.com,http://www.traditionmusicco.com,70,85,91,POL,Code035
Rochell,Wetherby,Img Scene Internet Multimedia,142 E 57th Ave #2,Amqui,QC,G5J 1E2,418-362-9768,rwetherby@wetherby.org,http://www.imgsceneinternetmultimedia.com,90,96,76,PHY,Code096
Amber,Windell,Rose & Co Management Cnslnts,41 Augusta Hwy,Richmond,BC,V6X 3S2,604-864-2113,amber.windell@cox.net,http://www.rosecomanagementcnslnts.com,53,64,85,PHY,Code023
Stefanie,Prinkey,Cheyenne Business Equipment,985 Joyce St,Surrey,BC,V3R 4T5,604-833-9067,stefanie_prinkey@prinkey.org,http://www.cheyennebusinessequipment.com,63,96,50,BIO,Code011
Kenia,Sharples,Marc Hotels & Resorts Inc,611 Grand Ave,Calgary,AB,T2J 1Y3,403-341-7208,kenia_sharples@hotmail.com,http://www.marchotelsresortsinc.com,82,92,76,POL,Code044
Jacquline,Libbey,"Gwinn, Malcolm S Esq",647 S Rainbow Blvd Bldg #4577,Cap-aux-Meules,QC,G4T 1M6,418-682-7368,jacquline@cox.net,http://www.gwinnmalcolmsesq.com,80,69,62,MATH,Code015
Lavina,Michelet,Environmental Data Resources,2719 N Delaware St,Anjou,QC,H1M 1X5,514-842-3549,lavina.michelet@michelet.org,http://www.environmentaldataresources.com,76,91,72,POL,Code005
Billi,Kazar,"Bogart, Edward J Esq",71 Linden Ave,Surrey,BC,V3W 9G2,604-458-2387,bkazar@hotmail.com,http://www.bogartedwardjesq.com,59,65,70,MATH,Code076
Aron,Leuthold,"Huber, J R Esq",9 Park St,Chilliwack,BC,V2P 3X4,604-637-3549,aron_leuthold@leuthold.com,http://www.huberjresq.com,100,67,55,PHY,Code057
Annice,Tartar,Computer Services,430 State Route 10 #7548,Sherbrooke,QC,J1N 0H6,819-342-1651,atartar@cox.net,http://www.computerservices.com,99,53,99,MATH,Code077
Hyun,Zarazua,V R Food Equipt Sales Inc,8718 N 13th Ave,Chatham,ON,N7L 5C4,519-287-4120,hyun_zarazua@cox.net,http://www.vrfoodequiptsalesinc.com,96,92,50,MATH,Code022
Shala,Ogle,Plaza Inn,4956 Midway Rd #65,Fatima,QC,G4T 2N4,418-823-9061,shala_ogle@ogle.org,http://www.plazainn.com,83,59,93,MATH,Code019
Shasta,Canonico,Rob Young Ldo,71 West Ave,Sault Ste. Marie,ON,P6C 2C8,705-531-2796,shasta_canonico@aol.com,http://www.robyoungldo.com,62,79,52,PHY,Code087
Wenona,Braseth,"Weinbren, Don B Esq",7 Ramon Rd,Beloeil,QC,J3G 2C1,450-751-1928,wenona.braseth@braseth.org,http://www.weinbrendonbesq.com,88,67,90,PHY,Code040
Marla,Gallati,Peking Garden,922 Railroad Ave #7063,Lachine,QC,H8R 1R7,514-872-9323,mgallati@gmail.com,http://www.pekinggarden.com,98,76,95,MATH,Code070
Myra,Palenik,"Evans, Gerald H Esq",5661 Harding St,Montmagny,QC,G5V 1N6,418-930-7475,myra_palenik@palenik.com,http://www.evansgeraldhesq.com,100,56,100,POL,Code043
Lawanda,Jacocks,Houma Fabricators Inc,92 A Glenneyre Ave,Cranbrook,BC,V1C 4E3,250-226-8113,lawanda.jacocks@gmail.com,http://www.houmafabricatorsinc.com,56,66,63,MATH,Code061
Curt,Kohlman,"Bowden, Mona M Esq",5 Westbranch Dr #36,Saskatoon,SK,S7M 3S3,306-739-3437,ckohlman@hotmail.com,http://www.bowdenmonamesq.com,97,97,60,BIO,Code074
Susy,Finstad,"Weiner, Sheldon Md",6 N Town East Blvd,Calgary,AB,T2X 0J3,403-571-8756,sfinstad@aol.com,http://www.weinersheldonmd.com,87,97,91,MATH,Code044
Kathrine,Kaper,"Davis, Maxon R Esq",100 Rombouts Ave,Halifax,NS,B3N 2X2,902-500-1564,kkaper@aol.com,http://www.davismaxonresq.com,62,69,65,PHY,Code029
Oneida,Pospishil,Katherine Goldman Pc,5 E King St #6,Victoriaville,QC,G6T 1N5,819-511-9240,opospishil@aol.com,http://www.katherinegoldmanpc.com,97,86,80,BIO,Code027
Allene,Perera,M T I Corp,7167 Bethlehem Pike #80,Etobicoke,ON,M9P 1J9,416-681-6822,allene@yahoo.com,http://www.mticorp.com,76,57,52,BIO,Code063
Leonardo,Leahman,"Jacks, Gerald H Esq",80 Wisconsin Ave,Calgary,AB,T2L 1X5,403-328-5056,leonardo@aol.com,http://www.jacksgeraldhesq.com,94,95,92,PHY,Code070
Nakisha,Russi,Builders General Supply Co,8265 W Camelback Rd,Lethbridge,AB,T1H 6T3,403-513-9660,nakisha_russi@russi.com,http://www.buildersgeneralsupplyco.com,94,55,50,POL,Code096
Stephanie,Rolling,Gaber Nyman & Co,45 S Cedar Ridge Dr,Lloydminster,SK,S9V 1T4,306-510-5011,srolling@rolling.org,http://www.gabernymanco.com,74,80,65,MATH,Code086
Florinda,Haycock,"Janik, Frank J Iii",6096 N Michigan Ave,Gatineau,QC,J8P 4L6,819-820-6568,florinda_haycock@cox.net,http://www.janikfrankjiii.com,63,57,87,PHY,Code026
Merri,Geberth,Juniata College,4 Beaverbrook Rd,Winnipeg,MB,R2P 2J7,204-894-9221,merri.geberth@geberth.com,http://www.juniatacollege.com,51,99,81,PHY,Code098
Malcom,Vereen,Weso Radio Station,548 Midland Ave,Windsor,ON,N8T 1V1,519-334-1058,malcom.vereen@yahoo.com,http://www.wesoradiostation.com,80,92,96,BIO,Code035
Louvenia,Abney,L M Mccown & Son Co,6 Friendship Dr #5055,Prince Albert,SK,S6V 6A4,306-256-9309,louvenia_abney@hotmail.com,http://www.lmmccownsonco.com,72,59,96,PHY,Code043
Alita,Borlace,Medicine Shoppe,5 S Gage St #6175,Kenora,ON,P9N 1K7,807-289-5397,alita_borlace@yahoo.com,http://www.medicineshoppe.com,99,92,59,BIO,Code023
Noemi,Ill,Lafayette Apprl Producers Inc,18 Nw 6th St,Sault Ste. Marie,ON,P6B 2W6,705-414-4712,noemi_ill@ill.com,http://www.lafayetteapprlproducersinc.com,55,94,94,POL,Code022
Nydia,Ancar,C C Industries,5 Pittsford Victor Rd,Edmonton,AB,T5V 1M7,780-924-8022,nydia.ancar@ancar.com,http://www.ccindustries.com,67,89,98,PHY,Code037
Hana,Meisel,"Whitehead, David Barry Esq",6 E Rand Rd #73,Calgary,AB,T2J 1G9,403-696-7108,hana.meisel@yahoo.com,http://www.whiteheaddavidbarryesq.com,50,58,66,POL,Code076
Noel,Marrazzo,Market Decisions Inc,91 E Cary St,Camrose,AB,T4V 2Y4,780-447-2249,noel@cox.net,http://www.marketdecisionsinc.com,95,60,68,MATH,Code073
Brice,Rowe,Maryland Match Corp,5 New Circle Rd Ne,Belleville,ON,K8N 1R9,613-631-9322,brice_rowe@aol.com,http://www.marylandmatchcorp.com,99,68,55,MATH,Code075
Nguyet,Kitchens,Institute For Human Dev,68 Nw Raleigh St #88,Red Deer,AB,T4N 2H5,403-883-4097,nguyet_kitchens@yahoo.com,http://www.instituteforhumandev.com,66,86,90,PHY,Code073
Janae,Mair,Park Avenue Audio Inc,8 S Mcmullen Dr #38,Ajax,ON,L1T 1R5,905-501-5086,janae_mair@cox.net,http://www.parkavenueaudioinc.com,56,65,84,BIO,Code023
Darrel,Makley,Alliedsignal Engines,6 N Volusia Ave #2,Baie-Sainte-Anne,NB,E9A 1P1,506-839-5378,dmakley@yahoo.com,http://www.alliedsignalengines.com,55,89,55,POL,Code053
Genevieve,Milionis,J & M Janitorial Supplies,5 Cedar St,Sault Ste. Marie,ON,P6B 5Y9,705-467-4142,genevieve.milionis@hotmail.com,http://www.jmjanitorialsupplies.com,62,96,79,MATH,Code047
Giovanna,Bacho,Rumford Aquarium Inc,71 S Newtown St,North Vancouver,BC,V7M 3J6,604-203-8085,giovanna@cox.net,http://www.rumfordaquariuminc.com,93,82,99,PHY,Code042
Shelton,Spannuth,"Bell, David M Esq",4 Bloomfield Ave #5,Brandon,MB,R7B 1N3,204-364-5889,shelton.spannuth@yahoo.com,http://www.belldavidmesq.com,61,59,87,BIO,Code064
Alison,Mahlum,Walter Jerome Inc,841 N Monroe St,Belleville,ON,K8N 2W3,613-862-3122,alison_mahlum@hotmail.com,http://www.walterjeromeinc.com,65,69,81,BIO,Code061
Maynard,Zufall,"Larkin, Jay Robert Esq",5094 Poway Rd,Vancouver,BC,V5X 4K1,604-875-7745,mzufall@gmail.com,http://www.larkinjayrobertesq.com,99,95,65,PHY,Code099
Timothy,Bussert,"Purdy, Angeline Esq",43 Winnetka Ave,Toronto,ON,M4C 3Y1,416-521-5624,timothy@bussert.com,http://www.purdyangelineesq.com,81,76,50,PHY,Code029
Viola,Eddens,Hales Corners Village Printing,51 S Hulen St,Grand Manan,NB,E5G 3A8,506-772-3108,veddens@eddens.org,http://www.halescornersvillageprinting.com,83,89,59,POL,Code052
Luann,Michon,Macnaughton Einson Graphics,5 Goddard Rd,Montreal,QC,H2S 2G9,514-578-7262,luann@cox.net,http://www.macnaughtoneinsongraphics.com,88,91,74,BIO,Code081
Mable,Goerke,Detroit Newspapers,7 Woodbridge Ave,Toronto,ON,M6P 2V5,416-867-5879,mable_goerke@cox.net,http://www.detroitnewspapers.com,83,52,60,BIO,Code011
Sabine,Kaea,"Westerman, Bryan",48 Lower Ragsdale Dr #1349,Brampton,ON,L6W 1A8,905-586-1138,sabine@gmail.com,http://www.westermanbryan.com,76,100,59,MATH,Code018
Dolores,Moltz,Auto Exchange,80 S Beckley St,Fredericton,NB,E3B 2P9,506-216-2028,dolores@yahoo.com,http://www.autoexchange.com,69,59,61,PHY,Code028
Hannah,Suero,Confish Inc,3314 Hawthorne St,Oakville,ON,L6L 3G9,905-543-3967,hsuero@yahoo.com,http://www.confishinc.com,61,65,84,POL,Code060
Sonia,Blan,Kinkos Copies,924 W Saint Mary Blvd,Deer Lake,NL,A8A 2A6,709-512-6346,sblan@blan.com,http://www.kinkoscopies.com,91,70,86,POL,Code008
Cletus,Stapels,Fewel Northwest Inc,9713 Wilbur Ave #163,Edmonton,AB,T6P 1K3,780-674-7330,cletus_stapels@cox.net,http://www.fewelnorthwestinc.com,65,67,98,MATH,Code055
Asha,Zoldak,Ducson Sportswear Inc,4 Gray Ave,Saint-Stanislas,QC,G8L 7B6,418-470-9730,asha_zoldak@hotmail.com,http://www.ducsonsportswearinc.com,98,78,53,POL,Code007
Verlene,Billow,Capital Environ Drill Svc Inc,8528 A Park Rd,Brampton,ON,L6P 0X3,905-486-5455,vbillow@billow.com,http://www.capitalenvirondrillsvcinc.com,72,92,97,MATH,Code052
Yesenia,Giglio,Basque Plastics Corp,1262 W 19th St,Janeville,NB,E2A 5K7,506-858-9797,yesenia@cox.net,http://www.basqueplasticscorp.com,86,62,70,BIO,Code099
Tayna,Sine,"Bailey, Lesli Esq",99 Garfield Ave #370,Burlington,ON,L7R 3Y8,905-334-8817,tayna_sine@sine.com,http://www.baileylesliesq.com,93,50,60,BIO,Code004
Verona,Jobst,M C Green & Sons,9041 Grand Plaza Plac,Montreal,QC,H3V 1E3,514-842-7487,verona_jobst@jobst.org,http://www.mcgreensons.com,90,73,57,PHY,Code003
Denae,Eggers,Brookwood Inn,475 S Figueroa St,Winnipeg,MB,R2K 3B5,204-341-2445,denae_eggers@gmail.com,http://www.brookwoodinn.com,63,88,55,POL,Code050
Rikki,Montalgo,Emergency Management,7 Lagrange St #10,Montreal,QC,H2K 3M3,514-472-6857,rikki@montalgo.com,http://www.emergencymanagement.com,88,65,97,PHY,Code043
Nan,Weekly,Kates Boylston Publicatns Inc,16 Ridge Center,London,ON,N5Y 5M9,519-928-8049,nan@weekly.com,http://www.katesboylstonpublicatnsinc.com,88,70,63,POL,Code047
Sherell,Despain,Colonial Color Corp,66 62nd St #30,Surrey,BC,V3R 6N7,604-344-4458,sdespain@hotmail.com,http://www.colonialcolorcorp.com,62,53,70,MATH,Code031
Coral,Brennick,"Barbour, Michael J Esq",15 Ludlow Ave #156,Boucherville,QC,J4B 1R5,450-480-7421,coral.brennick@brennick.,http://www.barbourmichaeljesq.com,75,100,59,PHY,Code074
Phyliss,Huelse,Best Western Doublewood Inn,672 Neil Armstrong St #59,Lethbridge,AB,T1K 2L9,403-540-2604,phyliss_huelse@aol.com,http://www.bestwesterndoublewoodinn.com,54,71,95,MATH,Code093
Jesse,Wida,Mt Plsnt Dly Tribune Sunday,1 E Gabilan St,Burlington,ON,L7T 3Y9,905-356-4735,jesse@wida.com,http://www.mtplsntdlytribunesunday.com,70,54,93,PHY,Code029
Latonia,Helander,Gebhardt & Smith,6325 Statesville Rd,Brampton,ON,L6V 4R8,905-723-5674,latonia#helander.com,http://www.gebhardtsmith.com,90,50,66,MATH,Code026
Aimee,Clozza,Cdm Transportation,7 N Wacker Dr #42,Ottawa,ON,K1K 0K4,613-804-8102,aimee_clozza@clozza.org,http://www.cdmtransportation.com,98,89,84,MATH,Code052
Marcelle,Staie,"Butler, Frank B Esq",76 N Harlem Ave,Stoney Creek,ON,L8E 4S4,905-817-1934,marcelle_staie@aol.com,http://www.butlerfrankbesq.com,69,76,59,MATH,Code062
Ilda,Schuring,Secaucus Guide Book,80 Ringwood Ave #7,St. Albert,AB,T8N 1L5,780-830-2958,ilda_schuring@schuring.com,http://www.secaucusguidebook.com,86,57,80,BIO,Code037
Aileen,Klukken,"Stamper, Gerald Esq",8 Wilfong Ln,North York,ON,M2N 2T3,416-390-4510,aklukken@klukken.com,http://www.stampergeraldesq.com,57,50,81,MATH,Code016
Davida,Zeng,"Conway, John J Esq",8881 Hopkins St,Sainte-Sophie,QC,J5J 2B5,450-375-8192,davida_zeng@yahoo.com,http://www.conwayjohnjesq.com,51,65,85,BIO,Code040
Beata,Rubarts,Jay N Bee Office Solutions Ltd,19 Torresdale Ave #58,Victoria,BC,V8X 1R2,250-808-6765,beata_rubarts@aol.com,http://www.jaynbeeofficesolutionsltd.com,98,71,50,POL,Code011
Angelyn,Wieand,Edith Flagg Inc,79 Craig Rd,Brampton,ON,L6X 0E3,905-838-3914,angelyn_wieand@wieand.com,http://www.edithflagginc.com,51,86,60,PHY,Code008
Claudio,Hummell,"Blatt, Harold G Esq",432 Eastman Ave,Calgary,AB,T3L 2H1,403-481-8843,claudio_hummell@hotmail.com,http://www.blattharoldgesq.com,91,80,53,BIO,Code047
Krystal,Twyman,Shell Western Hills,9 Garcia Ave #38,Scarborough,ON,M1C 1N8,416-712-8230,ktwyman@gmail.com,http://www.shellwesternhills.com,55,65,91,PHY,Code094
Adela,Echegoyen,Fpa Corp,128 W Kellogg Dr,Burnaby,BC,V5B 4L5,604-571-8392,adela.echegoyen@echegoyen.org,http://www.fpacorp.com,66,72,81,POL,Code020
Ryan,Phibbs,Citrus Power Equipment,7827 Commercial St Se #37,Regina,SK,S4V 3B8,306-621-2626,rphibbs@gmail.com,http://www.citruspowerequipment.com,55,82,57,MATH,Code079
Edmond,Buettner,Eden Bail Bond Information Ctr,67 N Washington Ave #960,Saint-Eustache,QC,J7P 1A5,450-829-7834,edmond_buettner@buettner.org,http://www.edenbailbondinformationctr.com,99,70,68,PHY,Code043
Catina,Emmert,Noack & Dean Ins Agtts & Brkrs,19 Distribution Way,Thunder Bay,ON,P7C 4H3,807-652-2563,catina@gmail.com,http://www.noackdeaninsagttsbrkrs.com,82,50,60,PHY,Code018
Milly,Pattengale,"Schell, Eric F Esq",20 Fort Campbell Blvd #4792,Wetaskiwin,AB,T9A 3K1,780-799-64l8,milly@hotmail.com,http://www.schellericfesq.com,92,90,79,BIO,Code007
Jules,Erichsen,Eberhard Mfg Co Div Estrn Co,1 Parkfair Dr #1219,Mississauga,ON,L5C 1L3,905-929-8054,jules@cox.net,http://www.eberhardmfgcodivestrnco.com,70,67,73,BIO,Code036
Denna,Miklitz,Cptal Meats & Provisions Co,1736 Us Highway 19n N #6,Saint-Jean-sur-Richelieu,QC,J3B 0C5,450-409-1005,???@cox.net,http://www.cptalmeatsprovisionsco.com,62,54,78,PHY,Code011
Willetta,Cesa,Alpha Services Co,578 E Us Highway 36 #3,Membertou,NS,B1S 2P3,902-981-7382,willetta_cesa@gmail.com,http://www.alphaservicesco.com,67,66,71,PHY,Code081
Johna,Magathan,Park Metal Inc,1724 W Dodge Rd,Edmonton,AB,T6K 4E5,780-994-6272,jmagathan@magathan.org,http://www.parkmetalinc.com,76,,84,BIO,Code055
Ollie,Oliverson,"Redemann, Robert P Esq",1 W 8th,Etobicoke,ON,M9W 3W4,416-762-4001,ooliverson@cox.net,http://www.redemannrobertpesq.com,55,71,95,BIO,Code033
Sherly,Vitrano,Stangels Financial Services,8 Cochise Trl,Sydney,NS,B1P 1C1,902-480-3185,svitrano@hotmail.com,http://www.stangelsfinancialservices.com,79,50,62,POL,Code022
Kindra,Dishong,"Mcclanathan, Peter D Esq",4 Sutton Ln,Nepean,ON,K2E 6A5,613-510-3295,kdishong@gmail.com,http://www.mcclanathanpeterdesq.com,51,64,99,MATH,Code055
Vanda,Tentler,Oklahoma Ford Power Products,7 Shetland Ct,Kimberley,BC,V1A 2M7,250-605-3501,vanda_tentler@tentler.org,http://www.oklahomafordpowerproducts.com,58,86,54,MATH,Code079
Marshall,Fitgerald,Mpw Communities Of N J,526 Main St,Calgary,AB,T2M 4H2,403-918-5509,marshall_fitgerald@cox.net,http://www.mpwcommunitiesofnj.com,88,95,69,PHY,Code019
Kelvin,Hasha,"Orourke, Denise Michelle Esq",18 Duluth St,Edmonton,AB,T5M 4A7,780-227-7373,khasha@hotmail.com,http://www.orourkedenisemichelleesq.com,,58,75,PHY,Code079
Darrin,Mathiasen,Milton Daily Standard,35 Peconic Ave #4,Boucherville,QC,J4B 3Y4,450-536-7426,dmathiasen@hotmail.com,http://www.miltondailystandard.com,59,95,91,PHY,Code030
Susana,Mccarley,Kinkos Copies,7 S Quebec,Windsor,ON,N9E 2G5,519-491-9261,susana_mccarley@gmail.com,http://www.kinkoscopies.com,85,59,91,PHY,Code005
Wilson,Nickelson,Brobeck Phleger & Harrison,74 Se 3rd Ave #1494,North York,ON,M2J 3W5,416-376-7867,wilson_nickelson@aol.com,http://www.brobeckphlegerharrison.com,67,52,94,BIO,Code086
Malissa,Talty,"Stafford, William P Ii",3 Bush St,Saint John,NB,E2M 2N5,506-724-2777,malissa@talty.org,http://www.staffordwilliampii.com,90,57,95,POL,Code070
Tandra,Castillanos,Stony Creek Apartments,629 105th Ave,Hamilton,ON,L9C 3G2,905-715-9339,tcastillanos@castillanos.com,http://www.stonycreekapartments.com,54,70,78,POL,Code025
Lorean,Sammon,Arizona Store Equipment,58 Executive Dr,Regina,SK,S4S 3Y3,306-854-5060,lorean@yahoo.com,http://www.arizonastoreequipment.com,72,52,69,BIO,Code094
Desirae,Oien,L & P Construction,200 W Bijou St #6013,Calgary,AB,T2C 0Z5,403-405-2804,desirae.oien@hotmail.com,http://www.lpconstruction.com,67,90,84,BIO,Code087
Delsie,Cerao,Bacompt,2 Us Highway 206,English Settlement,NB,E6B 2J9,506-795-5209,delsie.cerao@cerao.org,http://www.bacompt.com,63,65,79,MATH,Code011
Mabel,Elmquist,Tarkett Inc,8570 E 8th St,Winnipeg,MB,R2K 0Y2,204-285-3978,mabel_elmquist@elmquist.com,http://www.tarkettinc.com,62,93,96,BIO,Code047
Marnie,Purslow,Century 21 Twin Oaks Rlty Inc,3068 N Interstate 35,Winnipeg,MB,R2V 3G6,204-904-1386,marnie.purslow@purslow.com,http://www.centurytwinoaksrltyinc.com,89,55,83,BIO,Code082
Rene,Granier,"Cohen, Mortimer S Esq",4241 Tapp St,Calgary,AB,T3Z 1H1,403-438-9257,rene@cox.net,http://www.cohenmortimersesq.com,82,89,66,POL,Code047
Trevor,Harnist,"Meraglio, Ruissell J Jr",99 Hart St,Dartmouth,NS,B2Y 1G7,902-782-2576,trevor.harnist@hotmail.com,http://www.meraglioruisselljjr.com,56,55,52,POL,Code083
Sharmaine,Batdorf,Stritzel Awning Svc,1822 Guilford Rd,Saint-Basile,NB,E7C 2L8,506-839-1630,sharmaine_batdorf@batdorf.com,http://www.stritzelawningsvc.com,64,95,57,MATH,Code064
Ricki,Traux,"Collins, Frederick H Esq",995 Concord Rd,Montreal,QC,H3J 1S4,514-657-1920,ricki.traux@traux.com,http://www.collinsfrederickhesq.com,94,63,65,PHY,Code021
Bernadine,Shufelt,"Mulligan, Thomas O Esq",3 Main St,Sudbury,ON,P3C 2X6,705-693-2982,bernadine_shufelt@shufelt.org,http://www.mulliganthomasoesq.com,51,86,61,BIO,Code080
Shad,Reider,City Judge,7995 Douglas Rd E #6,Lloydminster,AB,T9V 2M7,780-953-3852,shad_reider@aol.com,http://www.cityjudge.com,97,71,76,MATH,Code062
Kenneth,Degennaro,"Dodson, Mac Pa",965 Bryant St,St Martins,NB,E5R 1G5,506-763-6456,kenneth.degennaro@aol.com,http://www.dodsonmacpa.com,77,77,79,MATH,Code039
Marleen,Hennon,Welsch Metal Products Inc,2863 Brooklyn Terminal Mkt,Abbotsford,BC,V2S 4M2,604-545-3662,marleen_hennon@aol.com,http://www.welschmetalproductsinc.com,87,88,81,PHY,Code085
Joaquin,Geitner,Cellular One,6410 E State Hwy,Calgary,AB,T2K 4M8,403-640-8755,joaquin_geitner@cox.net,http://www.cellularone.com,76,87,85,MATH,Code056
Slyvia,Stockham,Finchers Findings,4895 Country Club Rd,Quebec,QC,G1K 5J8,418-913-7998,slyvia.stockham@aol.com,http://www.finchersfindings.com,86,57,51,POL,Code019
Kris,Bala,U S Tsubaki Inc,43 Gateway Blvd,Brampton,ON,L7A 2E8,905-848-5458,kris_bala@gmail.com,http://www.ustsubakiinc.com,79,53,86,PHY,Code051
Gussie,Diflorio,Cliff Clarks Inc Sales & Serv,881 South St #4,Trenton,ON,K8V 1G7,613-857-7922,gussie_diflorio@cox.net,http://www.cliffclarksincsalesserv.com,85,51,61,PHY,Code023
Lavelle,Lillywhite,"Schivley, G Gregory",5 S Taylor Ave,La Malbaie,QC,G5A 2R8,418-442-4179,lavelle.lillywhite@hotmail.com,http://www.schivleyggregory.com,97,67,90,BIO,Code057
Bev,Dermo,Nicks Printing,6059 Alewa Dr,Surrey,BC,V3X 1X5,604-880-6351,bev.dermo@dermo.com,http://www.nicksprinting.com,62,85,59,MATH,Code053
Bette,Digiovanni,"Nassar, Monique A Esq",345 Broadway St,London,ON,N6K 4J9,519-882-6434,bette.digiovanni@digiovanni.org,http://www.nassarmoniqueaesq.com,99,88,86,POL,Code080
Lajuana,Mccloud,Cesena Printg E Side Printg Co,7 W Pine St,Saint-Thomas,QC,J0K 3L0,450-272-6370,lajuana_mccloud@hotmail.com,http://www.cesenaprintgesideprintgco.com,84,71,66,BIO,Code024
Shakira,Westervelt,Buena Clerk,5470 N Lamar Blvd #542,North Vancouver,BC,V7J 2J9,604-991-8721,swestervelt@westervelt.org,http://www.buenaclerk.com,77,69,74,POL,Code083
Matt,Nickolich,"Bonina, John A Esq",103 E Main St #59,Regina,SK,S4S 5Y2,306-891-2346,matt@gmail.com,http://www.boninajohnaesq.com,89,99,71,POL,Code064
Clemencia,Momplaisir,Computer System Dynamics,698 N Allen Rd,Montreal,QC,H3J 2N8,514-804-3533,cmomplaisir@yahoo.com,http://www.computersystemdynamics.com,50,61,75,MATH,Code063
Oliva,Ambert,Kleins Hallmark Cards,1 Broadway St,Dawson Settlement,NB,E4H 2B6,506-672-7328,oambert@gmail.com,http://www.kleinshallmarkcards.com,71,80,59,MATH,Code027
Ranee,Maye,Construction Services Inc,5361 N 500 W #3065,Les Cedres,QC,J7T 3A9,450-700-5970,ranee_maye@maye.com,http://www.constructionservicesinc.com,84,74,69,POL,Code072
Ming,Eskew,"Dickman, J Scott Esq",4153 Broughton Ave,Victoria,BC,V9A 6P6,250-228-6798,ming_eskew@eskew.com,http://www.dickmanjscottesq.com,88,100,77,BIO,Code040
Annice,Peckens,"Hering, Glenn Z Esq",5 Falls Rd,Victoria,BC,V8V 2P7,250-727-7309,apeckens@peckens.org,http://www.heringglennzesq.com,72,95,96,BIO,Code062
Effie,Frymark,"Razzoog, Michael E Dds",51 3rd Ave,London,ON,N5W 5G1,519-433-4142,effie_frymark@gmail.com,http://www.razzoogmichaeledds.com,86,100,94,POL,Code015
Maricela,Conger,Phase One Office Products,865 N Port Ave,Coquitlam,BC,V3E 1Y4,604-568-1899,mconger@aol.com,http://www.phaseoneofficeproducts.com,54,54,99,BIO,Code072
Esteban,Plantenberg,Midwest Wheel Companies,78 E River,Surrey,BC,V4P 0C4,604-519-9547,esteban@cox.net,http://www.midwestwheelcompanies.com,98,99,57,BIO,Code053
Doretha,Wykle,"Lafave, E Joseph Iii",5106 N Laurel Park Dr,Kenora,ON,P9N 4E7,807-383-4855,doretha@yahoo.com,http://www.lafaveejosephiii.com,66,71,57,PHY,Code040
Dorsey,Neitzke,"Turley, Joseph M",9768 A Aven #112,Truro,NS,B2N 3P6,902-936-9426,dorsey_neitzke@hotmail.com,http://www.turleyjosephm.com,80,53,90,PHY,Code059
Amie,Okuniewski,Motion Industries Inc,24 Venice Rd,Pembroke,ON,K8A 8M7,613-686-9039,amie@yahoo.com,http://www.motionindustriesinc.com,54,69,75,BIO,Code075
Bulah,Berkoff,Balan Marketing Co,2497 Pennsylvania Ave,Strathroy,ON,N7G 3V5,519-309-5863,bulah.berkoff@cox.net,http://www.balanmarketingco.com,61,74,53,BIO,Code065
Erin,Delbosque,Curtiss Wright Corp,357 W Mount Royal Ave,Longueuil,QC,J4M 2A8,450-316-7813,erin@cox.net,http://www.curtisswrightcorp.com,57,97,67,MATH,Code065
Kassandra,Marushia,Phelps Tool & Die Co Inc,123 Euclid Ave #9396,Nanaimo,BC,V9R 1C9,250-646-6446,kassandra@gmail.com,http://www.phelpstooldiecoinc.com,89,57,88,BIO,Code063
Leslee,Matsuno,Factory Mattress Outlet,1251 E Main St #990,Quebec,QC,G1H 1A6,418-460-5773,leslee_matsuno@matsuno.org,http://www.factorymattressoutlet.com,62,77,99,PHY,Code064
Daniel,Dobler,Cosgroves N End Plbg & Hdwr Co,259 W 17th St #39,Beresford,NB,E8K 1B7,506-617-2607,ddobler@dobler.com,http://www.cosgrovesnendplbghdwrco.com,100,79,58,MATH,Code047
Antonio,Unruh,Mission Lincoln Properties,9 Route 38,Port Coquitlam,BC,V3C 2Z4,604-624-7690,antonio.unruh@hotmail.com,http://www.missionlincolnproperties.com,76,54,85,BIO,Code070
